TournamentID,Name,StartDate,EndDate,IsOver,IsInProgress,Canceled,Covered,Format,SportRadarTournamentID,Venue,Location,Par,Yards,City,State,Country,TimeZone,Purse,StartDateTime,ZipCode
514,2023 Ryder Cup,2023-09-29T00:00:00,2023-10-01T00:00:00,FALSE,FALSE,FALSE,FALSE,Team,,NA,NA,NA,NA,NA,NA,NA,NA,NA,NA,NA
513,The Presidents Cup,2022-09-19T00:00:00,2022-09-25T00:00:00,FALSE,FALSE,FALSE,FALSE,Team,,NA,NA,NA,NA,NA,NA,NA,NA,NA,NA,NA
509,TOUR Championship,2022-08-25T00:00:00,2022-08-28T00:00:00,FALSE,FALSE,FALSE,TRUE,Stroke,62338479-12c5-4ef4-a473-6fea873f3e66,East Lake Golf Club,"Atlanta, GA",70,7346,Atlanta,GA,USA,America/New York,NA,NA,NA
508,BMW Championship,2022-08-18T00:00:00,2022-08-21T00:00:00,FALSE,FALSE,FALSE,TRUE,Stroke,f9859515-af30-41cd-9ffe-465d1446d6e0,Wilmington Country Club (South Course),"Wilmington, DE",NA,NA,Wilmington,DE,USA,America/New York,11500000,NA,NA
507,FedEx St. Jude Championship,2022-08-11T00:00:00,2022-08-14T00:00:00,FALSE,FALSE,FALSE,TRUE,Stroke,c0abe5ac-732a-4e5d-9f93-14dac6203e23,TPC Southwind,"Memphis, TN",70,7237,Memphis,TN,USA,America/Chicago,11500000,NA,NA
506,Wyndham Championship,2022-08-04T00:00:00,2022-08-07T00:00:00,FALSE,FALSE,FALSE,TRUE,Stroke,0d986e18-cc3d-4391-a37c-903e9097129f,Sedgefield Country Club,"Greensboro, NC",70,7127,Greensboro,NC,USA,America/New York,7300000,NA,NA
505,Rocket Mortgage Classic,2022-07-28T00:00:00,2022-07-31T00:00:00,FALSE,FALSE,FALSE,TRUE,Stroke,6f5e0381-f670-4c59-b4d5-3e6d4764d865,Detroit Golf Club,"Detroit, MI",72,7340,Detroit,MI,USA,America/New York,8400000,NA,NA
504,3M Open,2022-07-21T00:00:00,2022-07-24T00:00:00,FALSE,FALSE,FALSE,TRUE,Stroke,63f720b6-845d-4f02-ad99-8688d20cbf1e,TPC Twin Cities,"Blaine, MN",71,7428,Blaine,MN,USA,America/Chicago,7500000,NA,NA
502,Barracuda Championship,2022-07-14T00:00:00,2022-07-17T00:00:00,FALSE,FALSE,FALSE,FALSE,Stableford,a8427f0b-4754-4129-9e21-708695e0de34,Tahoe Mountain Club (Old Greenwood),"Truckee, CA",NA,NA,Truckee,CA,USA,America/Los Angeles,3700000,NA,NA
503,The Open Championship,2022-07-14T00:00:00,2022-07-17T00:00:00,FALSE,FALSE,FALSE,TRUE,Stroke,51968e44-03f5-424f-8e63-294996685497,St Andrews Links (Old Course),"St. Andrews, Scotland",72,7297,Fife,NA,SCO,Europe/London,NA,NA,NA
500,Barbasol Championship,2022-07-07T00:00:00,2022-07-10T00:00:00,FALSE,FALSE,FALSE,TRUE,Stroke,248a26c3-2df5-4788-a5b9-32b74c343a68,Keene Trace Golf Club (Champions Course),"Nicholasville, KY",72,7328,Nicholasville,KY,USA,America/New York,3700000,NA,NA
501,Genesis Scottish Open,2022-07-07T00:00:00,2022-07-10T00:00:00,FALSE,FALSE,FALSE,FALSE,Match,c7d5285a-406a-4944-b10f-3ea29b8cbf8e,NA,NA,NA,NA,NA,NA,NA,Europe/London,8000000,NA,NA
499,John Deere Classic,2022-06-30T00:00:00,2022-07-03T00:00:00,FALSE,FALSE,FALSE,TRUE,Stroke,3869c98f-68c7-4a57-822e-a358eed689db,TPC Deere Run,"Silvis, IL",71,7268,Silvis,IL,USA,America/Chicago,7100000,NA,NA
498,Travelers Championship,2022-06-23T00:00:00,2022-06-26T00:00:00,FALSE,FALSE,FALSE,TRUE,Stroke,deff7db3-5f77-4486-bd55-1f894cf004d2,TPC River Highlands,"Cromwell, CT",70,6841,Cromwell,CT,USA,America/New York,8300000,NA,NA
497,U.S. Open,2022-06-16T00:00:00,2022-06-19T00:00:00,FALSE,FALSE,FALSE,TRUE,Stroke,10ee49b6-e138-4926-b90f-5e54e31367bd,The Country Club,"Brookline, MA",NA,NA,Brookline,MA,USA,America/New York,NA,NA,NA
496,RBC Canadian Open,2022-06-09T00:00:00,2022-06-12T00:00:00,FALSE,FALSE,FALSE,TRUE,Stroke,df2161ab-bbcf-484d-904a-a004950558e3,St. George's Golf and Country Club,"Etobicoke, ON",NA,NA,"Toronto, ON",NA,CAN,America/Toronto,8700000,NA,NA
495,the Memorial Tournament pres. by Workday,2022-06-02T00:00:00,2022-06-05T00:00:00,FALSE,FALSE,FALSE,TRUE,Stroke,62ba1a0c-5aee-4ce5-ba50-56920c19b68a,Muirfield Village Golf Club,"Dublin, OH",72,7392,Dublin,OH,USA,America/New York,10500000,NA,NA
494,Charles Schwab Challenge,2022-05-26T00:00:00,2022-05-29T00:00:00,FALSE,FALSE,FALSE,TRUE,Stroke,4fd5a8b9-3a56-4d8f-944f-d4c614b2f9e1,Colonial Country Club,"Fort Worth, TX",70,7209,Fort Worth,TX,USA,America/Chicago,8400000,NA,NA
493,PGA Championship,2022-05-19T00:00:00,2022-05-22T00:00:00,FALSE,FALSE,FALSE,TRUE,Stroke,f130def5-5787-467d-b618-b94ca202865b,Southern Hills Country Club,"Tulsa, OK",70,7131,Tulsa,OK,NA,America/Chicago,NA,NA,NA
492,AT&T Byron Nelson,2022-05-12T00:00:00,2022-05-15T00:00:00,FALSE,FALSE,FALSE,TRUE,Stroke,94836c95-51bb-4e73-816b-f360cb64d221,TPC Craig Ranch,"McKinney, TX",72,7468,McKinney,TX,USA,America/Chicago,9100000,NA,NA
491,Wells Fargo Championship,2022-05-05T00:00:00,2022-05-08T00:00:00,FALSE,FALSE,FALSE,TRUE,Stroke,42b7bbc2-858a-4c0d-85dc-b30179bb5e9a,TPC Potomac at Avenel Farm,"Potomac, MD",70,7107,Potomac,MD,USA,America/New York,9000000,NA,NA
490,Mexico Championship,2022-04-28T00:00:00,2022-05-01T00:00:00,FALSE,FALSE,FALSE,TRUE,Stroke,23d21333-a33e-4094-8b27-3810039d68b0,NA,NA,NA,NA,NA,NA,NA,America/Cancun,7300000,NA,NA
489,Zurich Classic of New Orleans,2022-04-21T00:00:00,2022-04-24T00:00:00,FALSE,FALSE,FALSE,FALSE,Team,eb152a6b-acce-4377-8e06-0ed858c6b0bc,TPC Louisiana,"Avondale, LA",NA,NA,Avondale,LA,USA,America/Chicago,8300000,NA,NA
488,RBC Heritage,2022-04-14T00:00:00,2022-04-17T00:00:00,FALSE,FALSE,FALSE,TRUE,Stroke,ce8005c3-78ec-4f14-a9a6-032940490ea4,Harbour Town Golf Links,"Hilton Head Island, SC",71,7121,Hilton Head,SC,USA,America/New York,8000000,NA,NA
487,2022 Masters Tournament,2022-04-07T00:00:00,2022-04-10T00:00:00,FALSE,FALSE,FALSE,TRUE,Stroke,6b19e7fe-40b4-4b5a-92b9-7887f4892d83,Augusta National Golf Club,"Augusta, GA",72,7475,Augusta,GA,USA,America/New York,NA,NA,NA
486,Valero Texas Open,2022-03-31T00:00:00,2022-04-03T00:00:00,FALSE,FALSE,FALSE,TRUE,Stroke,75e1f4f4-54c4-4ae2-b5d8-d8980a91370c,TPC San Antonio (Oaks Course),"San Antonio, TX",72,7494,San Antonio,TX,USA,America/Chicago,8600000,NA,NA
484,Corales Puntacana Championship,2022-03-24T00:00:00,2022-03-27T00:00:00,FALSE,FALSE,FALSE,TRUE,Stroke,,Puntacana Resort & Club (Corales Golf Course),"Punta Cana, Dominican Republic",72,7666,Punta Cana,NA,DOM,America/Dominica,3700000,NA,NA
485,WGC-Dell Technologies Match Play,2022-03-23T00:00:00,2022-03-27T00:00:00,FALSE,FALSE,FALSE,FALSE,Match,6d93a8c2-5502-4a16-b448-c68891b644bf,Austin Country Club,"Austin, TX",NA,NA,Austin,TX,USA,America/Chicago,11500000,NA,NA
483,Valspar Championship,2022-03-17T00:00:00,2022-03-20T00:00:00,FALSE,FALSE,FALSE,TRUE,Stroke,d69b148c-d2d9-4cbf-aa71-7ffa4a02c479,Innisbrook Resort (Copperhead Course),"Palm Harbor, FL",71,7340,Palm Harbor,FL,USA,America/New York,7800000,NA,NA
482,THE PLAYERS Championship,2022-03-10T00:00:00,2022-03-13T00:00:00,FALSE,FALSE,FALSE,TRUE,Stroke,5a45a8cc-28b2-40b1-8675-16d736b7f48d,TPC Sawgrass (THE PLAYERS Stadium Course),"Ponte Vedra Beach, FL",72,7189,Ponte Vedra Beach,FL,USA,America/New York,20000000,NA,NA
480,Puerto Rico Open,2022-03-03T00:00:00,2022-03-06T00:00:00,FALSE,FALSE,FALSE,TRUE,Stroke,3c6adad6-ae11-4d35-b693-bc157c526e89,Grand Reserve Country Club,"Rio Grande, Puerto Rico",72,7506,Rio Grande,NA,PUR,America/Puerto Rico,3700000,NA,NA
481,Arnold Palmer Invitational pres. by Mastercard,2022-03-03T00:00:00,2022-03-06T00:00:00,FALSE,FALSE,FALSE,TRUE,Stroke,5510f8b8-5e56-4050-83d9-92ac2a432e5a,Arnold Palmer's Bay Hill Club & Lodge,"Orlando, FL",72,7454,Orlando,FL,USA,America/New York,10500000,NA,NA
479,The Honda Classic,2022-02-24T00:00:00,2022-02-27T00:00:00,FALSE,FALSE,FALSE,TRUE,Stroke,b098207f-9f7c-4521-841e-ff7f38a38710,PGA National Resort & Spa (The Champion),"Palm Beach Gardens, FL",70,7140,Palm Beach Gardens,FL,USA,America/New York,8000000,NA,NA
478,The Genesis Invitational,2022-02-17T00:00:00,2022-02-20T00:00:00,FALSE,FALSE,FALSE,TRUE,Stroke,0ac3efed-6933-4158-b68b-2e56c4098367,Riviera Country Club,"Pacific Palisades, CA",71,7322,Pacific Palisades,CA,USA,America/Los Angeles,10500000,NA,NA
477,Waste Management Phoenix Open,2022-02-10T00:00:00,2022-02-13T00:00:00,FALSE,FALSE,FALSE,TRUE,Stroke,2cb222b0-dc8f-4746-a133-a26b32b8d394,TPC Scottsdale (Stadium Course),"Scottsdale, AZ",71,7261,Scottsdale,AZ,USA,America/Phoenix,8200000,NA,NA
476,AT&T Pebble Beach Pro-Am,2022-02-03T00:00:00,2022-02-06T00:00:00,FALSE,FALSE,FALSE,TRUE,Stroke,ff676a42-ed4f-4937-8eaa-3b5de660e9fa,Spyglass Hill GC,"Pebble Beach, CA",72,7035,Pebble Beach,CA,USA,America/Los Angeles,8700000,NA,NA
475,Farmers Insurance Open,2022-01-26T00:00:00,2022-01-29T00:00:00,FALSE,FALSE,FALSE,TRUE,Stroke,7c9025a0-021c-4bf6-8375-c1c3639e2862,Torrey Pines (North Course),"La Jolla, CA",72,7258,San Diego,CA,USA,America/Los Angeles,8400000,NA,NA
474,The American Express,2022-01-20T00:00:00,2022-01-23T00:00:00,FALSE,FALSE,FALSE,TRUE,Stroke,03027bc8-3d01-4159-a14d-dfb3fb2b1acd,La Quinta Country Club,"La Quinta, CA",72,7060,La Quinta,CA,USA,America/Los Angeles,7600000,NA,NA
473,Sony Open in Hawaii,2022-01-13T00:00:00,2022-01-16T00:00:00,FALSE,FALSE,FALSE,TRUE,Stroke,01fcec41-a01a-4112-812f-330306255c4a,Waialae Country Club,"Honolulu, HI",70,7044,Honolulu,HI,USA,Pacific/Honolulu,7500000,NA,NA
472,Sentry Tournament of Champions,2022-01-06T00:00:00,2022-01-09T00:00:00,FALSE,FALSE,FALSE,TRUE,Stroke,ce99ab88-aaf8-449c-95ae-78e8ea31ed58,Kapalua Resort (Plantation Course),"Kapalua, HI",73,7596,"Kapalua, Maui",HI,USA,Pacific/Honolulu,8000000,NA,NA
512,QBE Shootout,2021-12-10T00:00:00,2021-12-12T00:00:00,FALSE,FALSE,NA,TRUE,Stroke,,Tiburón Golf Course,"Naples, FL",NA,NA,Naples,FL,USA,America/New York,NA,NA,NA
511,Hero World Challenge,2021-12-02T00:00:00,2021-12-05T00:00:00,FALSE,FALSE,NA,TRUE,Stroke,,Albany,"New Providence, Bah",NA,NA,New Providence,NA,BAH,America/Nassau,NA,NA,NA
471,The RSM Classic,2021-11-18T00:00:00,2021-11-21T00:00:00,FALSE,FALSE,FALSE,TRUE,Stroke,91c1dfd8-de1c-4fc5-8c01-444196e2d77d,Sea Island Resort (Seaside Course),"Saint Simons Island, GA",70,7005,Sea Island,GA,USA,America/New York,7200000,NA,NA
470,Houston Open,2021-11-11T00:00:00,2021-11-14T00:00:00,FALSE,FALSE,FALSE,TRUE,Stroke,5b20cde6-915b-486c-b8b6-e8fa53ad3835,Memorial Park Golf Course,"Houston, TX",NA,NA,Houston,TX,USA,America/Chicago,7500000,NA,NA
469,World Wide Technology Championship at Mayakoba,2021-11-04T00:00:00,2021-11-07T00:00:00,FALSE,FALSE,FALSE,TRUE,Stroke,452b2d79-a7bf-4461-91e0-2fe26e787b4c,El Camaleón Golf Course at Mayakoba,"Quintana Roo, Mexico",71,7017,Riviera Maya,NA,MEX,America/Cancun,7200000,NA,NA
467,Butterfield Bermuda Championship,2021-10-28T00:00:00,2021-10-31T00:00:00,FALSE,FALSE,FALSE,TRUE,Stroke,,Port Royal Golf Course,"Southampton Parish, Bermuda",71,6828,Southampton,NA,BER,Atlantic/Bermuda,6500000,NA,NA
468,WGC-HSBC Champions,2021-10-28T00:00:00,2021-10-31T00:00:00,FALSE,FALSE,TRUE,FALSE,Stroke,d96333cb-1d9b-4167-805b-ad8aa0178857,Sheshan International GC,"Shanghai, China",72,7261,Shanghai,NA,CHN,Asia/Shanghai,NA,NA,NA
466,ZOZO CHAMPIONSHIP,2021-10-20T00:00:00,2021-10-24T00:00:00,TRUE,FALSE,FALSE,TRUE,Stroke,9ee7dadf-505d-4e82-a605-d392e8e5e896,Accordia Golf Narashino Country Club,"Chiba, Japan",70,7041,Chiba,NA,JPN,Asia/Tokyo,9950000,2021-10-21T19:30:00,NA
465,THE CJ CUP @ SUMMIT,2021-10-14T00:00:00,2021-10-17T00:00:00,TRUE,FALSE,FALSE,TRUE,Stroke,41bf186c-41d0-4d74-b47f-2ef3601afc92,The Summit Club,"Las Vegas, NV",72,7431,Las Vegas,NV,USA,America/Los Angeles,9750000,2021-10-14T10:20:00,NA
464,Shriners Children's Open,2021-10-07T00:00:00,2021-10-10T00:00:00,TRUE,FALSE,FALSE,TRUE,Stroke,28af1e61-fbd8-484b-9203-3dfcab71b336,TPC Summerlin,"Las Vegas, NV",71,7255,Las Vegas,NV,USA,America/Los Angeles,7000000,2021-10-07T09:40:00,NA
463,Sanderson Farms Championship,2021-09-30T00:00:00,2021-10-03T00:00:00,TRUE,FALSE,FALSE,TRUE,Stroke,e2a6fa8e-64fe-442d-9214-f7dc3a837d5e,Country Club of Jackson,"Jackson, MS",72,7461,Jackson,MS,USA,America/Chicago,7000000,2021-09-30T08:05:00,NA
402,Ryder Cup,2021-09-24T00:00:00,2021-09-26T00:00:00,FALSE,FALSE,FALSE,NA,NA,df7dd2ff-c526-4546-9de1-d3db8625733f,Whistling Straits (Straits Course),"Kohler, WI",71,7390,NA,NA,NA,NA,NA,NA,NA
510,Ryder Cup,2021-09-24T00:00:00,2021-09-26T00:00:00,FALSE,FALSE,FALSE,FALSE,TeamMatch,1ea219fc-ab4c-438a-81df-6c685e67979c,Whistling Straits,"Sheboygan, WI",NA,NA,Sheboygan,WI,USA,America/Chicago,NA,NA,NA
462,Fortinet Championship,2021-09-16T00:00:00,2021-09-19T00:00:00,TRUE,FALSE,FALSE,TRUE,Stroke,e45317f1-7d56-46a2-b36b-15a9ffce7812,Silverado Resort and Spa North,"Napa, CA",72,7123,Napa,CA,USA,America/Los Angeles,7000000,2021-09-16T10:00:00,NA
453,TOUR Championship,2021-09-02T00:00:00,2021-09-05T00:00:00,TRUE,FALSE,FALSE,TRUE,Stroke,13d882a1-eae5-4709-ab50-ba3506c2500b,East Lake Golf Club,"Atlanta, GA",70,7346,Atlanta,GA,USA,America/New York,NA,2021-09-02T11:40:00,NA
452,BMW Championship,2021-08-26T00:00:00,2021-08-29T00:00:00,TRUE,FALSE,FALSE,TRUE,Stroke,2f4d9513-d812-46cb-b46e-58b5b7778f32,Caves Valley Golf Club,"Owings Mills, MD",71,7226,Owings Mills,MD,USA,America/New York,9500000,2021-08-26T09:40:00,NA
451,THE NORTHERN TRUST,2021-08-19T00:00:00,2021-08-22T00:00:00,TRUE,FALSE,FALSE,TRUE,Stroke,ee3bed4a-36a7-447e-924e-44bf8aede71e,Liberty National Golf Club,"Jersey City, NJ",71,7410,Jersey City,NJ,USA,America/New York,9500000,2021-08-19T07:20:00,NA
450,Wyndham Championship,2021-08-12T00:00:00,2021-08-15T00:00:00,TRUE,FALSE,FALSE,TRUE,Stroke,9e7709c3-0dbe-40a2-b8fc-1e660d688688,Sedgefield Country Club,"Greensboro, NC",70,7131,Greensboro,NC,USA,America/New York,6400000,2021-08-12T06:50:00,NA
448,Barracuda Championship,2021-08-05T00:00:00,2021-08-08T00:00:00,TRUE,FALSE,FALSE,FALSE,Stableford,1860e75b-c7c3-43bf-aebd-70ee94d52c03,Tahoe Mt. Club (Old Greenwood),"Truckee, CA",71,7425,Truckee,CA,USA,America/Los Angeles,3500000,NA,NA
449,WGC-FedEx St. Jude Invitational,2021-08-05T00:00:00,2021-08-08T00:00:00,TRUE,FALSE,FALSE,TRUE,Stroke,dbbd3b56-f75e-46d9-bd04-df7f87c685fe,TPC Southwind,"Memphis, TN",70,7233,Memphis,TN,USA,America/Chicago,10500000,2021-08-05T10:15:00,NA
447,Olympic Men's Golf Competition,2021-07-29T00:00:00,2021-08-01T00:00:00,TRUE,FALSE,FALSE,TRUE,Stroke,,Kasumigaseki Country Club,"Saitama, Jpn",71,7447,Saitama,NA,JPN,Asia/Tokyo,NA,NA,NA
446,3M Open,2021-07-22T00:00:00,2021-07-25T00:00:00,TRUE,FALSE,FALSE,TRUE,Stroke,aed3b480-373d-46c8-a3ab-befba4d83751,TPC Twin Cities,"Blaine, MN",71,7431,Blaine,MN,USA,America/Chicago,6600000,2021-07-22T07:50:00,NA
445,The Open Championship,2021-07-15T00:00:00,2021-07-18T00:00:00,TRUE,FALSE,FALSE,TRUE,Stroke,bdbd8464-ba49-4f12-a5eb-2197e827167c,Royal St. George's GC,"Sandwich, Kent, Eng",70,7189,"Sandwich, Kent",NA,ENG,Europe/London,11500000,2021-07-15T01:35:00,NA
457,Barbasol Championship,2021-07-15T00:00:00,2021-07-18T00:00:00,TRUE,FALSE,FALSE,TRUE,Stroke,744207d7-4fe4-4bcf-aec6-3a9a55522fac,Keene Trace Golf Club,"Nicholasville, KY",72,7328,Nicholasville,KY,USA,America/New York,3500000,2021-07-15T07:45:00,NA
444,John Deere Classic,2021-07-08T00:00:00,2021-07-11T00:00:00,TRUE,FALSE,FALSE,TRUE,Stroke,fc8d4a7e-c226-49ed-a5eb-fa8d16c26647,TPC Deere Run,"Silvis, IL",71,7268,Silvis,IL,USA,America/Chicago,6200000,2021-07-08T07:45:00,NA
443,Rocket Mortgage Classic,2021-07-01T00:00:00,2021-07-04T00:00:00,TRUE,FALSE,FALSE,TRUE,Stroke,5d0665a9-257a-4419-bded-66e2812e34dd,Detroit Golf Club,"Detroit, MI",72,7370,Detroit,MI,USA,America/New York,7500000,2021-07-01T06:45:00,NA
442,Travelers Championship,2021-06-24T00:00:00,2021-06-27T00:00:00,TRUE,FALSE,FALSE,TRUE,Stroke,ae2f825c-f895-451d-ae7c-7872e8af3b5a,TPC River Highlands,"Cromwell, CT",70,6841,Cromwell,CT,USA,America/New York,7400000,2021-06-24T06:45:00,NA
455,U.S. Open,2021-06-17T00:00:00,2021-06-20T00:00:00,TRUE,FALSE,FALSE,TRUE,Stroke,0a4373fe-a2b9-4a9d-ad84-d342dea6b61a,Torrey Pines (South),"San Diego, CA",71,7652,San Diego,CA,USA,America/Los Angeles,NA,2021-06-17T09:45:00,NA
441,RBC Canadian Open,2021-06-10T00:00:00,2021-06-13T00:00:00,FALSE,FALSE,TRUE,FALSE,Stroke,3e27a2c2-49ac-4f97-a412-a9b73048544f,St. George's Golf and Country Club,"Etobicoke, ON",NA,NA,"Toronto, ON",NA,CAN,America/Toronto,NA,NA,NA
461,Palmetto Championship at Congaree,2021-06-10T00:00:00,2021-06-13T00:00:00,TRUE,FALSE,FALSE,TRUE,Stroke,f1fa0a7e-fdad-4fc4-b79f-bdecf5483a6e,Congaree Golf Club,"Ridgeland, SC",71,7655,Ridgeland,SC,USA,America/New York,7300000,2021-06-10T07:00:00,NA
440,the Memorial Tournament pres. by Nationwide,2021-06-03T00:00:00,2021-06-06T00:00:00,TRUE,FALSE,FALSE,TRUE,Stroke,79b00955-02a9-44d5-9b77-a5b32931914e,Muirfield Village Golf Club,"Dublin, OH",72,7543,Dublin,OH,USA,America/New York,9300000,2021-06-03T07:20:00,NA
439,Charles Schwab Challenge,2021-05-27T00:00:00,2021-05-30T00:00:00,TRUE,FALSE,FALSE,TRUE,Stroke,a29937b5-6c59-4df1-b76a-960472ed99f2,Colonial Country Club,"Fort Worth, TX",70,7209,Fort Worth,TX,USA,America/Chicago,7500000,2021-05-27T08:10:00,NA
438,PGA Championship,2021-05-20T00:00:00,2021-05-23T00:00:00,TRUE,FALSE,FALSE,TRUE,Stroke,c64bdf30-a5e5-4342-a466-22ce64761921,Ocean Course at Kiawah Island,"Kiawah Island, SC",72,7876,Kiawah Island,SC,USA,America/New York,12000000,2021-05-20T07:00:00,NA
437,AT&T Byron Nelson,2021-05-13T00:00:00,2021-05-16T00:00:00,TRUE,FALSE,FALSE,TRUE,Stroke,4b53539d-b2d9-4d34-a330-a9c97463652b,TPC Craig Ranch,"McKinney, TX",72,7468,McKinney,TX,USA,America/Chicago,8100000,2021-05-13T07:50:00,NA
436,Wells Fargo Championship,2021-05-06T00:00:00,2021-05-09T00:00:00,TRUE,FALSE,FALSE,TRUE,Stroke,8f4de967-66c1-414b-8b85-111c85e4f748,Quail Hollow Club,"Charlotte, NC",71,7521,Charlotte,NC,USA,America/New York,8100000,2021-05-06T06:50:00,NA
435,Valspar Championship,2021-04-29T00:00:00,2021-05-02T00:00:00,TRUE,FALSE,FALSE,TRUE,Stroke,fef5f221-37cd-4b9a-b018-4581af6bddc8,Innisbrook Resort (Copperhead),"Palm Harbor, FL",71,7340,Palm Harbor,FL,USA,America/New York,6900000,2021-04-29T06:55:00,NA
434,Zurich Classic of New Orleans,2021-04-22T00:00:00,2021-04-25T00:00:00,FALSE,FALSE,FALSE,FALSE,Team,f2d3d130-82a9-48cf-815f-c2214d5fd969,TPC Louisiana,"Avondale, LA",72,7425,Avondale,LA,USA,America/Chicago,7400000,NA,NA
433,RBC Heritage,2021-04-15T00:00:00,2021-04-18T00:00:00,TRUE,FALSE,FALSE,TRUE,Stroke,7a6c7132-ede5-4b2d-ab4c-074ff297d95f,Harbour Town Golf Links,"Hilton Head, SC",71,7121,Hilton Head,SC,USA,America/New York,7100000,2021-04-15T07:00:00,NA
454,2021 Masters Tournament,2021-04-08T00:00:00,2021-04-11T00:00:00,TRUE,FALSE,FALSE,TRUE,Stroke,a241ae87-6283-45fe-baef-22c2cb24d3b6,Augusta National Golf Club,"Augusta, GA",72,7475,Augusta,GA,USA,America/New York,11500000,2021-04-08T08:00:00,NA
432,Valero Texas Open,2021-04-01T00:00:00,2021-04-04T00:00:00,TRUE,FALSE,FALSE,TRUE,Stroke,0f42ef2a-196d-47b0-ac8d-429ec77b8b3d,TPC San Antonio (Oaks Course),"San Antonio, TX",72,7494,San Antonio,TX,USA,America/Chicago,7700000,2021-04-01T08:25:00,NA
373,Corales Puntacana Resort & Club Championship,2021-03-25T00:00:00,2021-03-28T00:00:00,TRUE,FALSE,FALSE,TRUE,Stroke,e8d09c79-21e7-4c40-bde4-9f3f3a1e9d65,Corales Golf Course,"Punta Cana, Dom",72,7670,Punta Cana,NA,DOM,America/Dominica,3000000,2021-03-25T06:45:00,NA
431,WGC-Dell Technologies Match Play,2021-03-24T00:00:00,2021-03-28T00:00:00,FALSE,FALSE,FALSE,FALSE,Match,8fd31d7c-2357-448b-b16f-e1953fe77757,Austin Country Club,"Austin, TX",71,7108,Austin,TX,USA,America/Chicago,10500000,NA,NA
430,The Honda Classic,2021-03-18T00:00:00,2021-03-21T00:00:00,TRUE,FALSE,FALSE,TRUE,Stroke,c5068725-96da-4cee-81b1-054e1ef1b7c9,PGA National (Champion),"Palm Beach Gardens, FL",70,7125,Palm Beach Gardens,FL,USA,America/New York,7000000,2021-03-18T07:25:00,NA
429,THE PLAYERS Championship,2021-03-11T00:00:00,2021-03-14T00:00:00,TRUE,FALSE,FALSE,TRUE,Stroke,452f32b4-d349-4963-89be-208c018d7e04,TPC Sawgrass,"Ponte Vedra Beach, FL",72,7189,Ponte Vedra Beach,FL,USA,America/New York,15000000,2021-03-11T06:45:00,NA
428,Arnold Palmer Invitational Pres. By Mastercard,2021-03-04T00:00:00,2021-03-07T00:00:00,TRUE,FALSE,FALSE,TRUE,Stroke,ffa05b35-6dfe-4463-95a6-7b2747b306aa,Bay Hill Club & Lodge,"Orlando, FL",72,7466,Orlando,FL,USA,America/New York,9300000,2021-03-04T07:00:00,NA
426,Puerto Rico Open,2021-02-25T00:00:00,2021-02-28T00:00:00,TRUE,FALSE,FALSE,TRUE,Stroke,b3e0f344-fc79-4218-bb89-85c04c38d76e,Grand Reserve Country Club,"Rio Grande, Pur",72,7506,Rio Grande,NA,PUR,America/Puerto Rico,3000000,2021-02-25T06:00:00,NA
427,WGC-Workday Championship at The Concession,2021-02-25T00:00:00,2021-02-28T00:00:00,TRUE,FALSE,FALSE,TRUE,Stroke,583a283d-73df-48ac-9351-f7c880f7408a,The Concession Golf Club,"Bradenton, FL",72,7564,Bradenton,FL,USA,America/New York,10500000,2021-02-25T10:58:00,NA
425,The Genesis Invitational,2021-02-18T00:00:00,2021-02-21T00:00:00,TRUE,FALSE,FALSE,TRUE,Stroke,46baf205-e4e6-4c74-81d5-862d7b7639d9,The Riviera Country Club,"Pacific Palisades, CA",71,7322,Pacific Palisades,CA,USA,America/Los Angeles,9300000,2021-02-18T09:40:00,NA
424,AT&T Pebble Beach Pro-Am,2021-02-11T00:00:00,2021-02-14T00:00:00,TRUE,FALSE,FALSE,TRUE,Stroke,16b5eb1c-7d98-47e2-b613-2ffd85840920,Pebble Beach Golf Links,"Pebble Beach, CA",72,7041,Pebble Beach,CA,USA,America/Los Angeles,7800000,2021-02-11T11:30:00,NA
423,Waste Management Phoenix Open,2021-02-04T00:00:00,2021-02-07T00:00:00,TRUE,FALSE,FALSE,TRUE,Stroke,976a817d-ad4b-4910-ac6a-c601197dabf2,TPC Scottsdale,"Scottsdale, AZ",71,7261,Scottsdale,AZ,USA,America/Phoenix,7300000,2021-02-04T09:20:00,NA
422,Farmers Insurance Open,2021-01-28T00:00:00,2021-01-31T00:00:00,TRUE,FALSE,FALSE,TRUE,Stroke,ce95bf8a-098d-4e91-9174-2a20081e21cc,Torrey Pines (South),"San Diego, CA",72,7258,San Diego,CA,USA,America/Los Angeles,7500000,2021-01-28T12:00:00,NA
419,The American Express,2021-01-21T00:00:00,2021-01-24T00:00:00,TRUE,FALSE,FALSE,TRUE,Stroke,cf853393-3d3f-42c6-87c0-6253f461797c,PGA WEST (Stadium),"La Quinta, CA",72,7181,La Quinta,CA,USA,America/Los Angeles,6700000,2021-01-21T12:10:00,NA
421,Sony Open in Hawaii,2021-01-14T00:00:00,2021-01-17T00:00:00,TRUE,FALSE,FALSE,TRUE,Stroke,cd6cb511-5081-4bcf-a76d-7442237ebca4,Waialae Country Club,"Honolulu, HI",70,7044,Honolulu,HI,USA,Pacific/Honolulu,6600000,2021-01-14T12:10:00,NA
420,Sentry Tournament of Champions,2021-01-07T00:00:00,2021-01-10T00:00:00,TRUE,FALSE,FALSE,TRUE,Stroke,96d597b4-4f60-4126-be7b-277a3736c92e,Plantation Course at Kapalua,"Kapalua, Maui, HI",73,7596,"Kapalua, Maui",HI,USA,Pacific/Honolulu,6700000,2021-01-07T14:10:00,NA
418,QBE Shootout,2020-12-11T00:00:00,2020-12-13T00:00:00,FALSE,FALSE,FALSE,TRUE,Stroke,,Tiburón Golf Course,"Naples, FL",NA,NA,Naples,FL,USA,America/New York,3600000,NA,NA
415,Mayakoba Golf Classic presented by UNIFIN,2020-12-03T00:00:00,2020-12-06T00:00:00,TRUE,FALSE,FALSE,TRUE,Stroke,3abcd172-7f69-48ee-ac11-7ff42e7cc2bb,El Camaleon Golf Club,"Playa del Carmen, Mex",71,7017,Playa del Carmen,NA,MEX,America/Cancun,7200000,2020-12-03T07:10:00,NA
416,Hero World Challenge,2020-12-03T00:00:00,2020-12-06T00:00:00,FALSE,FALSE,TRUE,FALSE,Stroke,be4564fe-6831-416e-b548-bea2eb893530,Albany,"New Providence, Bahamas",72,7309,New Providence,NA,BAH,America/Nassau,NA,NA,NA
414,The RSM Classic,2020-11-19T00:00:00,2020-11-22T00:00:00,TRUE,FALSE,FALSE,TRUE,Stroke,d682034f-985e-4ddd-bd55-c8c68e13d0ce,Sea Island Resort (Seaside),"Sea Island, GA",70,7005,Sea Island,GA,USA,America/New York,6600000,2020-11-19T09:30:00,NA
375,2020 Masters Tournament,2020-11-12T00:00:00,2020-11-15T00:00:00,TRUE,FALSE,FALSE,TRUE,Stroke,1dd9d68d-dcdf-4238-a82b-ed2077ea799d,Augusta National Golf Club,"Augusta, GA",72,7475,Augusta,GA,USA,America/New York,NA,2020-11-12T07:00:00,NA
413,Vivint Houston Open,2020-11-05T00:00:00,2020-11-08T00:00:00,TRUE,FALSE,FALSE,TRUE,Stroke,ab24b7f0-66ac-4533-8124-a79ffa344cd5,Memorial Park Golf Course,"Houston, TX",70,7432,Houston,TX,USA,America/Chicago,7000000,2020-11-05T07:45:00,NA
411,WGC-HSBC CHAMPIONS,2020-10-29T00:00:00,2020-11-01T00:00:00,FALSE,FALSE,TRUE,FALSE,NA,5239280b-f9ba-4599-899a-ed81b6ca2f52,Sheshan International GC,"Shanghai, China",72,7261,NA,NA,NA,NA,NA,NA,NA
412,Bermuda Championship,2020-10-29T00:00:00,2020-11-01T00:00:00,TRUE,FALSE,FALSE,TRUE,Stroke,b32efff9-b2ce-4d7a-9bd5-b6a6203e2e86,Port Royal Golf Course,"Southampton, Ber",71,6828,Southampton,NA,BER,Atlantic/Bermuda,4000000,2020-10-29T06:35:00,NA
410,The ZOZO CHAMPIONSHIP,2020-10-22T00:00:00,2020-10-25T00:00:00,TRUE,FALSE,FALSE,TRUE,Stroke,99aca214-468e-42ca-9efa-ff684ad237f7,Sherwood Country Club,"Thousand Oaks, CA",72,7073,Thousand Oaks,CA,USA,America/Los Angeles,8000000,2020-10-22T12:50:00,NA
409,THE CJ CUP @ SHADOW CREEK,2020-10-15T00:00:00,2020-10-18T00:00:00,TRUE,FALSE,FALSE,TRUE,Stroke,a1028f30-78a9-4b73-90b8-8e281ba706db,Shadow Creek Golf Course,"Las Vegas, NV",72,7527,Las Vegas,NV,USA,America/Los Angeles,9750000,2020-10-15T12:45:00,NA
403,Shriners Hospitals for Children Open,2020-10-08T00:00:00,2020-10-11T00:00:00,TRUE,FALSE,FALSE,TRUE,Stroke,fa083745-6b9c-4fb7-8789-3841a42ca513,TPC Summerlin,"Las Vegas, NV",71,7255,Las Vegas,NV,USA,America/Los Angeles,7000000,2020-10-08T09:45:00,NA
408,Sanderson Farms Championship,2020-10-01T00:00:00,2020-10-04T00:00:00,TRUE,FALSE,FALSE,TRUE,Stroke,c1ecfe2c-bc88-46a5-9f45-f2afb948ebf4,Country Club of Jackson,"Jackson, MS",72,7461,Jackson,MS,USA,America/Chicago,6600000,2020-10-01T08:05:00,NA
456,Corales Puntacana Resort & Club Championship,2020-09-24T00:00:00,2020-09-27T00:00:00,TRUE,FALSE,FALSE,TRUE,Stroke,7bfb3e89-640f-405b-b3d0-8f327f3530fa,Corales Golf Course,"Punta Cana, Dom",72,7666,Punta Cana,NA,DOM,America/Dominica,4000000,2020-09-24T06:30:00,NA
385,U.S. Open,2020-09-17T00:00:00,2020-09-20T00:00:00,TRUE,FALSE,FALSE,TRUE,Stroke,416a2e0a-d3b3-4518-8560-48bef8b09161,Winged Foot Golf Club,"Mamaroneck, NY",70,7477,Mamaroneck,NY,USA,America/New York,12500000,2020-09-17T06:50:00,NA
406,Safeway Open,2020-09-10T00:00:00,2020-09-13T00:00:00,TRUE,FALSE,FALSE,TRUE,Stroke,6ba4893c-c82e-4269-a0ab-c99a05c854a8,Silverado Resort and Spa North,"Napa, CA",72,7166,Napa,CA,USA,America/Los Angeles,6600000,2020-09-10T11:00:00,NA
396,Tour Championship,2020-09-04T00:00:00,2020-09-07T00:00:00,TRUE,FALSE,FALSE,TRUE,Stroke,6dea365a-c82e-4e6b-a33a-6825560c3500,East Lake Golf Club,"Atlanta, GA",70,7346,Atlanta,GA,USA,America/New York,NA,2020-09-04T12:00:00,NA
395,BMW Championship,2020-08-27T00:00:00,2020-08-30T00:00:00,TRUE,FALSE,FALSE,TRUE,Stroke,587885ab-0ce0-4687-ae4e-f975d0de9c17,Olympia Fields CC (North),"Olympia Fields, IL",70,7366,Olympia Fields,IL,USA,America/Chicago,9500000,2020-08-27T12:30:00,NA
394,THE NORTHERN TRUST,2020-08-20T00:00:00,2020-08-23T00:00:00,TRUE,FALSE,FALSE,TRUE,Stroke,a39e2a1c-85f2-4b58-94fd-48820b4c02cc,TPC Boston,"Norton, MA",71,7308,Norton,MA,USA,America/New York,9500000,2020-08-20T07:20:00,NA
393,Wyndham Championship,2020-08-13T00:00:00,2020-08-16T00:00:00,TRUE,FALSE,FALSE,TRUE,Stroke,fc330596-53ce-4715-b962-ca4c54223522,Sedgefield CC,"Greensboro, NC",70,7131,Greensboro,NC,USA,America/New York,6400000,2020-08-13T07:00:00,NA
380,PGA Championship,2020-08-06T00:00:00,2020-08-09T00:00:00,TRUE,FALSE,FALSE,TRUE,Stroke,475bb76a-7522-48ab-ae00-dc3be1837b0c,TPC Harding Park,"San Francisco, CA",70,7251,San Francisco,CA,USA,America/Los Angeles,11000000,2020-08-06T10:00:00,NA
387,WGC-FedEx St. Jude Invitational,2020-07-30T00:00:00,2020-08-02T00:00:00,TRUE,FALSE,FALSE,TRUE,Stroke,6b4ab8ff-8d69-4917-a8a2-d2cfed573e96,TPC Southwind,"Memphis, TN",70,7277,Memphis,TN,USA,America/Chicago,10500000,2020-07-30T12:00:00,NA
388,Barracuda Championship,2020-07-30T00:00:00,2020-08-02T00:00:00,FALSE,FALSE,FALSE,FALSE,Stableford,88579011-8f40-4d5c-af9e-48102483e66b,Tahoe Mt. Club (Old Greenwood),"Truckee, CA",71,7390,Truckee,CA,USA,America/Los Angeles,3500000,NA,NA
398,Olympic Men's Golf Competition,2020-07-30T00:00:00,2020-08-02T00:00:00,FALSE,FALSE,FALSE,TRUE,Stroke,,Kasumigaseki Country Club,"Saitama, Jpn",NA,NA,Saitama,NA,JPN,Asia/Tokyo,NA,NA,NA
392,3M Open,2020-07-23T00:00:00,2020-07-26T00:00:00,TRUE,FALSE,FALSE,TRUE,Stroke,9abefcdd-10ff-4aad-8a62-e62eb74667ea,TPC Twin Cities,"Blaine, MN",71,7431,Blaine,MN,USA,America/Chicago,6600000,2020-07-23T07:50:00,NA
383,the Memorial Tournament pres. by Nationwide,2020-07-16T00:00:00,2020-07-19T00:00:00,TRUE,FALSE,FALSE,TRUE,Stroke,6d9040b6-4b78-4b77-b815-c76348267899,Muirfield Village GC,"Dublin, OH",72,7456,Dublin,OH,USA,America/New York,9300000,2020-07-16T07:00:00,NA
390,The Open Championship,2020-07-16T00:00:00,2020-07-19T00:00:00,FALSE,FALSE,TRUE,FALSE,Stroke,fb40121e-2cdb-484d-86dd-5d2bbc07b790,Royal St. George's Golf Club,"Kent, England",70,7211,"Sandwich, Kent",NA,ENG,Europe/London,NA,NA,NA
391,Barbasol Championship,2020-07-16T00:00:00,2020-07-19T00:00:00,FALSE,FALSE,TRUE,FALSE,Stroke,1e6774f7-f671-46ed-95c6-7953e41dcc1a,Keene Trace GC,"Nicholasville, KY",72,7328,Nicholasville,KY,USA,America/New York,NA,NA,NA
389,John Deere Classic,2020-07-09T00:00:00,2020-07-12T00:00:00,FALSE,FALSE,TRUE,FALSE,Stroke,4e0af770-b501-4c43-8cb8-33977b1f6124,TPC Deere Run,"Silvis, IL",71,7268,Silvis,IL,USA,America/Chicago,NA,NA,NA
417,Workday Charity Open,2020-07-09T00:00:00,2020-07-12T00:00:00,TRUE,FALSE,FALSE,TRUE,Stroke,,Muirfield Village GC,"Dublin, OH",72,7456,Dublin,OH,USA,America/New York,6200000,2020-07-09T06:50:00,NA
382,Rocket Mortgage Classic,2020-07-02T00:00:00,2020-07-05T00:00:00,TRUE,FALSE,FALSE,TRUE,Stroke,9f589ec1-5e41-4cf6-a983-7dd4d43800a9,Detroit Golf Club,"Detroit, MI",72,7340,Detroit,MI,USA,America/New York,7500000,2020-07-02T06:45:00,NA
386,Travelers Championship,2020-06-25T00:00:00,2020-06-28T00:00:00,TRUE,FALSE,FALSE,TRUE,Stroke,a4009c5b-97eb-454d-a634-a62f50d294d5,TPC River Highlands,"Cromwell, CT",70,6841,Cromwell,CT,USA,America/New York,7400000,2020-06-25T06:45:00,NA
376,RBC Heritage,2020-06-18T00:00:00,2020-06-21T00:00:00,TRUE,FALSE,FALSE,TRUE,Stroke,6144b6c1-00f4-4883-85c8-c4e49b2ed8dd,Harbour Town GL,"Hilton Head, SC",71,7099,Hilton Head,SC,USA,America/New York,7100000,2020-06-18T06:45:00,NA
381,Charles Schwab Challenge,2020-06-11T00:00:00,2020-06-14T00:00:00,TRUE,FALSE,FALSE,TRUE,Stroke,ff2d660f-29b6-41d7-8d07-9ecf91b8e016,Colonial CC,"Fort Worth, TX",70,7209,Fort Worth,TX,USA,America/Chicago,7500000,2020-06-11T06:50:00,NA
384,RBC Canadian Open,2020-06-11T00:00:00,2020-06-14T00:00:00,FALSE,FALSE,TRUE,FALSE,Stroke,a75e5cda-7ae4-4749-bbe3-83d5a0e166d4,St. George's Golf and Country Club,"Etobicoke, ON",NA,NA,"Toronto, ON",NA,CAN,America/Toronto,NA,NA,NA
379,AT&T Byron Nelson,2020-05-07T00:00:00,2020-05-10T00:00:00,FALSE,FALSE,TRUE,FALSE,Stroke,4e4131d8-27c9-4370-9ec6-5f59bdcdec70,Trinity Forest Golf Club,"Dallas, TX",71,7371,Dallas,TX,USA,America/Chicago,NA,NA,NA
378,Wells Fargo Championship,2020-04-30T00:00:00,2020-05-03T00:00:00,FALSE,FALSE,TRUE,FALSE,Stroke,f926442a-8480-4892-b796-95ad3c6eb22e,Quail Hollow Club,"Charlotte, NC",71,7600,Charlotte,NC,USA,America/New York,NA,NA,NA
377,Zurich Classic of New Orleans,2020-04-23T00:00:00,2020-04-26T00:00:00,FALSE,FALSE,TRUE,FALSE,Team,f5d94cd6-4b75-4625-9111-5b214acc5cd5,TPC of Louisiana,"Avondale, LA",NA,NA,Avondale,LA,USA,America/Chicago,NA,NA,NA
374,Valero Texas Open,2020-04-02T00:00:00,2020-04-05T00:00:00,FALSE,FALSE,TRUE,FALSE,Stroke,2061ea3f-f69d-4448-8c2b-ef89dcabe80d,TPC San Antonio (Oaks),"San Antonio, TX",72,7435,San Antonio,TX,USA,America/Chicago,NA,NA,NA
372,WGC-Dell Technologies Match Play,2020-03-25T00:00:00,2020-03-29T00:00:00,FALSE,FALSE,TRUE,FALSE,Match,bebdecd5-0c80-47aa-a05f-4894b4851888,Austin Country Club,"Austin, TX",NA,NA,Austin,TX,USA,America/Chicago,NA,NA,NA
371,Valspar Championship,2020-03-19T00:00:00,2020-03-22T00:00:00,FALSE,FALSE,TRUE,FALSE,Stroke,2f73e1f1-c88f-456b-86d5-a1e15e6fa1ba,Innisbrook Resort -Copperhead,"Palm Harbor, FL",71,7340,Palm Harbor,FL,USA,America/New York,NA,NA,NA
370,THE PLAYERS Championship,2020-03-12T00:00:00,2020-03-15T00:00:00,FALSE,FALSE,TRUE,FALSE,Stroke,9885bd37-c9d6-44ec-88e1-b324eb7aaa00,TPC Sawgrass,"Ponte Vedra Beach, FL",72,7189,Ponte Vedra Beach,FL,USA,America/New York,NA,2020-03-12T07:40:00,NA
369,Arnold Palmer Invitational Pres. By Mastercard,2020-03-05T00:00:00,2020-03-08T00:00:00,TRUE,FALSE,FALSE,TRUE,Stroke,831d55fe-8738-441e-b0cd-d2025b723cac,Bay Hill Club & Lodge,"Orlando, FL",72,7454,Orlando,FL,USA,America/New York,9300000,2020-03-05T06:45:00,NA
368,The Honda Classic,2020-02-27T00:00:00,2020-03-01T00:00:00,TRUE,FALSE,FALSE,TRUE,Stroke,cdc0ac26-9559-4bab-8862-24b0c17ad280,PGA National (Champion),"Palm Beach Gardens, FL",70,7125,Palm Beach Gardens,FL,USA,America/New York,7000000,2020-02-27T06:45:00,NA
366,WGC-Mexico Championship,2020-02-20T00:00:00,2020-02-23T00:00:00,TRUE,FALSE,FALSE,TRUE,Stroke,f4cddf0c-e324-4e7c-a4c6-3c7808613170,Club de Golf Chapultepec,"Mexico City, Mex",71,7355,Mexico City,NA,MEX,America/Mexico City,10500000,NA,NA
367,Puerto Rico Open,2020-02-20T00:00:00,2020-02-23T00:00:00,TRUE,FALSE,FALSE,TRUE,Stroke,e492720e-6f7c-43df-a253-94f510e85408,Grand Reserve Country Club,"Rio Grande, Pur",72,7506,Rio Grande,NA,PUR,America/Puerto Rico,3000000,2020-02-20T07:10:00,NA
365,The Genesis Invitational,2020-02-13T00:00:00,2020-02-16T00:00:00,TRUE,FALSE,FALSE,TRUE,Stroke,6b8971b9-ad72-4e6b-8406-238df4dc37c9,Riviera CC,"Pacific Palisades, CA",71,7322,Pacific Palisades,CA,USA,America/Los Angeles,9300000,2020-02-13T06:45:00,NA
364,AT&T Pebble Beach Pro-Am,2020-02-06T00:00:00,2020-02-09T00:00:00,TRUE,FALSE,FALSE,TRUE,Stroke,4cafc9c9-4252-48e3-ba1c-dc64f912403a,Pebble Beach GL,"Pebble Beach, CA",72,7035,Pebble Beach,CA,USA,America/Los Angeles,7800000,2020-02-06T08:00:00,NA
363,Waste Management Phoenix Open,2020-01-30T00:00:00,2020-02-02T00:00:00,TRUE,FALSE,FALSE,TRUE,Stroke,ab429320-89bd-4f08-aa30-26b3a9b6de97,TPC Scottsdale,"Scottsdale, AZ",71,7261,Scottsdale,AZ,USA,America/Phoenix,7300000,2020-01-30T07:20:00,NA
362,Farmers Insurance Open,2020-01-23T00:00:00,2020-01-26T00:00:00,TRUE,FALSE,FALSE,TRUE,Stroke,cdb75001-12a4-43c1-9efa-0319f2aa902c,Torrey Pines GC (South),"San Diego, CA",72,7258,San Diego,CA,USA,America/Los Angeles,7500000,2020-01-23T09:00:00,NA
361,The American Express,2020-01-16T00:00:00,2020-01-19T00:00:00,TRUE,FALSE,FALSE,TRUE,Stroke,406f5027-43e6-4032-913e-e3ad81df8014,Stadium Course,"La Quinta, CA",72,7060,La Quinta,CA,USA,America/Los Angeles,6700000,2020-01-16T08:30:00,NA
360,Sony Open in Hawaii,2020-01-09T00:00:00,2020-01-12T00:00:00,TRUE,FALSE,FALSE,TRUE,Stroke,5f617694-fbc4-474c-ac12-42589b9b5cde,Waialae CC,"Honolulu, HI",70,7044,Honolulu,HI,USA,Pacific/Honolulu,6600000,2020-01-09T07:10:00,NA
359,Sentry Tournament of Champions,2020-01-02T00:00:00,2020-01-05T00:00:00,TRUE,FALSE,FALSE,TRUE,Stroke,7c169ad4-434a-4231-88c8-778ecdf52283,Plantation Course at Kapalua,"Kapalua, Maui, HI",73,7596,"Kapalua, Maui",HI,USA,Pacific/Honolulu,6700000,2020-01-02T10:00:00,NA
397,QBE Shootout,2019-12-13T00:00:00,2019-12-15T00:00:00,FALSE,FALSE,FALSE,TRUE,Stroke,,Tiburón GC,"Naples, FL",NA,NA,Naples,FL,USA,America/New York,3500000,NA,NA
350,Presidents Cup,2019-12-11T00:00:00,2019-12-15T00:00:00,FALSE,FALSE,FALSE,FALSE,TeamMatch,7938d847-1b06-411a-8117-e02d48f4772d,Royal Melbourne GC,"Melbourne, Victoria, Aus",71,7047,"Melbourne, Victoria",NA,AUS,Australia/Sydney,NA,NA,NA
358,Hero World Challenge,2019-12-04T00:00:00,2019-12-07T00:00:00,TRUE,FALSE,FALSE,TRUE,Stroke,04d968a3-3bc5-4d9c-93eb-d33aa19baa74,Albany,"New Providence, Bah",72,7309,New Providence,NA,BAH,America/Nassau,3500000,2019-12-04T10:40:00,NA
357,The RSM Classic,2019-11-21T00:00:00,2019-11-24T00:00:00,TRUE,FALSE,FALSE,TRUE,Stroke,da6bff4c-8bd8-418b-9e04-a1cdce0e1fcf,Sea Island Resort (Seaside),"Sea Island, GA",70,7005,Sea Island,GA,USA,America/New York,6600000,2019-11-21T09:15:00,NA
356,Mayakoba Golf Classic,2019-11-14T00:00:00,2019-11-17T00:00:00,TRUE,FALSE,FALSE,TRUE,Stroke,538f526e-34dc-4883-99ae-d991a66a6e9e,El Camaleon GC,"Playa del Carmen, Mex",71,7017,Playa del Carmen,NA,MEX,America/Cancun,7200000,2019-11-14T07:00:00,NA
349,Bermuda Championship,2019-10-31T00:00:00,2019-11-03T00:00:00,TRUE,FALSE,FALSE,TRUE,Stroke,61a8dc0b-6f49-411e-b93d-a3e01cd721c7,Port Royal GC,"Southampton, Ber",71,6828,Southampton,NA,BER,Atlantic/Bermuda,3000000,2019-10-31T07:35:00,NA
355,WGC-HSBC CHAMPIONS,2019-10-30T00:00:00,2019-11-03T00:00:00,TRUE,FALSE,FALSE,TRUE,Stroke,e1a1f28c-f025-489c-ad7a-f67f20ebc72a,Sheshan International GC,"Shanghai, Chn",72,7264,Shanghai,NA,CHN,Asia/Shanghai,10250000,2019-10-30T20:45:00,NA
348,The ZOZO CHAMPIONSHIP,2019-10-23T00:00:00,2019-10-27T00:00:00,TRUE,FALSE,FALSE,TRUE,Stroke,5ec88c8c-c12b-451c-878d-479323fe3e3e,Accordia Golf Narashino CC,"Chiba, Jpn",70,7041,Chiba,NA,JPN,Asia/Tokyo,9750000,2019-10-23T08:00:00,NA
399,MGM Resorts The Challenge: Japan Skins,2019-10-21T00:00:00,2019-10-21T00:00:00,FALSE,FALSE,FALSE,FALSE,Match,,Accordia Golf Narashino CC,"Chiba, Jpn",NA,NA,Chiba,NA,JPN,Asia/Tokyo,NA,NA,NA
354,THE CJ CUP @ NINE BRIDGES,2019-10-16T00:00:00,2019-10-20T00:00:00,TRUE,FALSE,FALSE,TRUE,Stroke,3d8909d3-9c07-4e72-86b9-5070388ae425,Nine Bridges,"Jeju Island, Kor",72,7184,Jeju Island,NA,KOR,Asia/Seoul,9750000,2019-10-16T08:00:00,NA
347,Houston Open,2019-10-10T00:00:00,2019-10-13T00:00:00,TRUE,FALSE,FALSE,TRUE,Stroke,0f0c727a-a1ca-4a7a-b1a1-61945919af00,GC of Houston,"Humble, TX",72,7441,Humble,TX,USA,America/Chicago,7500000,2019-10-10T07:15:00,NA
353,Shriners Hospitals for Children Open,2019-10-03T00:00:00,2019-10-06T00:00:00,TRUE,FALSE,FALSE,TRUE,Stroke,87ffd4da-1f6b-490e-9f2b-5d5054ef0c91,TPC Summerlin,"Las Vegas, NV",71,7255,Las Vegas,NV,USA,America/Los Angeles,7000000,2019-10-04T06:40:00,NA
352,Safeway Open,2019-09-26T00:00:00,2019-09-29T00:00:00,TRUE,FALSE,FALSE,TRUE,Stroke,19a43fa3-15e1-4b49-8d7c-6e7641111008,Silverado Resort and Spa North,"Napa, CA",72,7166,Napa,CA,USA,America/Los Angeles,6600000,2019-09-26T07:00:00,NA
351,Sanderson Farms Championship,2019-09-19T00:00:00,2019-09-22T00:00:00,TRUE,FALSE,FALSE,TRUE,Stroke,f0d98951-e0c1-4e70-aace-bd2c76304e08,CC of Jackson,"Jackson, MS",72,7440,Jackson,MS,USA,America/Chicago,6600000,2019-09-19T07:00:00,NA
346,A Military Tribute at The Greenbrier,2019-09-12T00:00:00,2019-09-15T00:00:00,TRUE,FALSE,NA,TRUE,Stroke,97b4fe0b-a804-418e-91c3-165ef91f4eb6,The Old White TPC,"White Sulphur Springs, WV",70,7292,White Sulphur Springs,WV,USA,America/New York,7500000,NA,NA
344,Tour Championship,2019-08-22T00:00:00,2019-08-25T00:00:00,TRUE,FALSE,FALSE,TRUE,Stroke,96887c44-e3c8-4aea-9a5c-fbc3c81644cb,East Lake GC,"Atlanta, GA",70,7346,Atlanta,GA,USA,America/New York,NA,2019-08-22T11:45:00,NA
343,BMW Championship,2019-08-15T00:00:00,2019-08-18T00:00:00,TRUE,FALSE,FALSE,TRUE,Stroke,e9387b4c-8f23-4763-9f83-106c4191b0dd,Olympia Fields CC (North),"Olympia Fields, IL",72,7613,Olympia Fields,IL,USA,America/Chicago,9500000,2019-08-15T09:15:00,NA
342,THE NORTHERN TRUST,2019-08-08T00:00:00,2019-08-11T00:00:00,TRUE,FALSE,FALSE,TRUE,Stroke,9c563422-bb1c-4c13-acf7-b0ecec483412,Liberty National GC,"Jersey City, NJ",71,7370,Jersey City,NJ,USA,America/New York,9250000,2019-08-08T07:10:00,NA
341,Wyndham Championship,2019-08-01T00:00:00,2019-08-04T00:00:00,TRUE,FALSE,FALSE,TRUE,Stroke,653944bf-08f1-4cfe-aa35-93776819ba75,Sedgefield CC,"Greensboro, NC",70,7127,Greensboro,NC,USA,America/New York,6200000,2019-08-01T07:00:00,NA
332,WGC-FedEx St. Jude Invitational,2019-07-25T00:00:00,2019-07-28T00:00:00,TRUE,FALSE,FALSE,TRUE,Stroke,789bc1a2-a8a9-4b5c-be76-b3bf7ba7a650,TPC Southwind,"Memphis, TN",70,7237,Memphis,TN,USA,America/Chicago,10250000,2019-07-25T11:20:00,NA
333,Barracuda Championship,2019-07-25T00:00:00,2019-07-28T00:00:00,FALSE,FALSE,FALSE,FALSE,Stableford,13a001a9-ceb2-4bcc-87d4-4b898c7c83e4,Montreux G&CC,"Reno, NV",72,7472,Reno,NV,USA,America/Los Angeles,3500000,NA,NA
339,Barbasol Championship,2019-07-18T00:00:00,2019-07-21T00:00:00,TRUE,FALSE,FALSE,TRUE,Stroke,26bfc5fb-0bae-4791-b3a3-9fa2a296533b,Keene Trace Golf Club,"Nicholasville, KY",72,7328,Nicholasville,KY,USA,America/New York,3500000,2019-07-18T08:20:00,NA
340,The Open Championship,2019-07-18T00:00:00,2019-07-21T00:00:00,TRUE,FALSE,FALSE,TRUE,Stroke,4524eac8-9713-43c5-a742-290d8ab434ba,Royal Portrush Golf Club,"Portrush, Nir",71,7344,Portrush,NA,NIR,Europe/London,10750000,2019-07-18T06:35:00,NA
338,John Deere Classic,2019-07-11T00:00:00,2019-07-14T00:00:00,TRUE,FALSE,FALSE,TRUE,Stroke,c46b389c-f073-44b3-b881-abeabe0bee18,TPC Deere Run,"Silvis, IL",71,7268,Silvis,IL,USA,America/Chicago,6000000,2019-07-11T06:50:00,NA
331,3M Open,2019-07-04T00:00:00,2019-07-07T00:00:00,TRUE,FALSE,FALSE,TRUE,Stroke,6605bb6a-b2a3-46bc-bdab-55af688066bc,TPC Twin Cities,"Blaine, MN",71,7468,Blaine,MN,USA,America/Chicago,6400000,2019-07-04T06:50:00,NA
330,Rocket Mortgage Classic,2019-06-27T00:00:00,2019-06-30T00:00:00,TRUE,FALSE,FALSE,TRUE,Stroke,599d5166-cc94-45d2-81f8-8a96b7f1c0d1,Detroit Golf Club,"Detroit, MI",72,7340,Detroit,MI,USA,America/New York,7300000,2019-06-27T06:45:00,NA
337,Travelers Championship,2019-06-20T00:00:00,2019-06-23T00:00:00,TRUE,FALSE,FALSE,TRUE,Stroke,1a3d42a3-c571-42ad-8e72-5c5b75d55176,TPC River Highlands,"Cromwell, CT",70,6841,Cromwell,CT,USA,America/New York,7200000,2019-06-21T06:45:00,NA
336,U.S. Open,2019-06-13T00:00:00,2019-06-16T00:00:00,TRUE,FALSE,FALSE,TRUE,Stroke,d59637dc-7f7a-4cd8-a4af-0c5d419a9f39,Pebble Beach Golf Links,"Pebble Beach, CA",72,6864,Pebble Beach,CA,USA,America/Los Angeles,12500000,2019-06-14T06:45:00,NA
335,RBC Canadian Open,2019-06-06T00:00:00,2019-06-09T00:00:00,TRUE,FALSE,FALSE,TRUE,Stroke,b951c9f1-8c25-4619-a8d0-321f4e7dbb1c,Hamilton Golf & Country Club,"Hamilton, ON, Can",70,6967,"Hamilton, ON",NA,CAN,America/Toronto,7600000,2019-06-07T07:00:00,NA
329,the Memorial Tournament pres. by Nationwide,2019-05-30T00:00:00,2019-06-02T00:00:00,TRUE,FALSE,FALSE,TRUE,Stroke,9bee5044-a964-48ec-beee-97ead6b8f357,Muirfield Village GC,"Dublin, OH",72,7392,Dublin,OH,USA,America/New York,9100000,2019-05-31T07:20:00,NA
325,Charles Schwab Challenge,2019-05-23T00:00:00,2019-05-26T00:00:00,TRUE,FALSE,FALSE,TRUE,Stroke,f2e8cf1b-1e86-4503-9c33-257244936981,Colonial CC,"Fort Worth, TX",70,7209,Fort Worth,TX,USA,America/Chicago,7300000,2019-05-23T07:00:00,NA
334,PGA Championship,2019-05-16T00:00:00,2019-05-19T00:00:00,TRUE,FALSE,FALSE,TRUE,Stroke,b850e0a9-c15d-4263-8122-03df781e2b8d,Bethpage State Park BK Course,"Farmingdale, NY",70,7459,Farmingdale,NY,USA,America/New York,NA,2019-05-17T06:45:00,NA
324,AT&T Byron Nelson,2019-05-09T00:00:00,2019-05-12T00:00:00,TRUE,FALSE,FALSE,TRUE,Stroke,4ddaa6eb-7159-4ba0-a25f-d3ddf807bdb2,Trinity Forest Golf Club,"Dallas, TX",71,7371,Dallas,TX,USA,America/Chicago,7900000,2019-05-09T07:10:00,NA
323,Wells Fargo Championship,2019-05-02T00:00:00,2019-05-05T00:00:00,TRUE,FALSE,FALSE,TRUE,Stroke,290d621b-5b2c-4387-90e9-504dc82eb481,Quail Hollow Club,"Charlotte, NC",71,7554,Charlotte,NC,USA,America/New York,7900000,2019-05-02T07:30:00,NA
322,Zurich Classic Of New Orleans,2019-04-25T00:00:00,2019-04-28T00:00:00,FALSE,FALSE,FALSE,FALSE,Team,a0863c2a-974f-4d96-a257-e95dcd1254c1,TPC Louisiana,"Avondale, LA",72,7425,Avondale,LA,USA,America/Chicago,7300000,NA,NA
321,RBC Heritage,2019-04-18T00:00:00,2019-04-21T00:00:00,TRUE,FALSE,FALSE,TRUE,Stroke,6a40df9e-69ea-493c-8a15-82748ef78a88,Harbour Town GL,"Hilton Head, SC",71,7099,Hilton Head,SC,USA,America/New York,6900000,2019-04-18T07:30:00,NA
320,2019 Masters Tournament,2019-04-11T00:00:00,2019-04-14T00:00:00,TRUE,FALSE,FALSE,TRUE,Stroke,fdf12aec-74d2-4f2e-9e0b-00481a32fd34,Augusta National GC,"Augusta, GA",72,7475,Augusta,GA,USA,America/New York,NA,2019-04-12T08:30:00,NA
319,Valero Texas Open,2019-04-04T00:00:00,2019-04-07T00:00:00,TRUE,FALSE,FALSE,TRUE,Stroke,309310e0-52b1-42d4-bf76-7fc5637d4b40,TPC San Antonio - AT&T Oaks,"San Antonio, TX",72,7435,San Antonio,TX,USA,America/Chicago,7500000,2019-04-04T08:20:00,NA
317,Corales Puntacana Resort & Club Championship,2019-03-28T00:00:00,2019-03-31T00:00:00,TRUE,FALSE,FALSE,TRUE,Stroke,e13ec262-ea0e-4465-aa91-78fced5f2cc8,Corales Golf Club,"Punta Cana, Dom",72,7670,Punta Cana,NA,DOM,America/Dominica,3000000,2019-03-29T07:00:00,NA
318,WGC-Dell Technologies Match Play,2019-03-27T00:00:00,2019-03-31T00:00:00,FALSE,FALSE,FALSE,FALSE,Match,3f776a92-2746-4f03-a070-97f009b973a6,Austin Country Club,"Austin, TX",71,7108,Austin,TX,USA,America/Chicago,10250000,NA,NA
316,Valspar Championship,2019-03-21T00:00:00,2019-03-24T00:00:00,TRUE,FALSE,FALSE,TRUE,Stroke,f9c4d4ec-6fe5-460c-9f56-814fbc0aac51,Innisbrook Resort (Copperhead),"Palm Harbor, FL",71,7340,Palm Harbor,FL,USA,America/New York,6700000,2019-03-21T12:52:00,NA
315,THE PLAYERS Championship,2019-03-14T00:00:00,2019-03-17T00:00:00,TRUE,FALSE,FALSE,TRUE,Stroke,b79a87f9-e868-4e10-8c42-2f06d7630f2a,TPC Sawgrass,"Ponte Vedra Beach, FL",72,7189,Ponte Vedra Beach,FL,USA,America/New York,12500000,2019-03-14T14:30:00,NA
314,Arnold Palmer Invitational Pres. By Mastercard,2019-03-07T00:00:00,2019-03-10T00:00:00,TRUE,FALSE,FALSE,TRUE,Stroke,98743fc6-995f-4f16-88d2-7ca58b24d634,Bay Hill Club & Lodge,"Orlando, FL",72,7454,Orlando,FL,USA,America/New York,9100000,NA,NA
313,The Honda Classic,2019-02-28T00:00:00,2019-03-03T00:00:00,TRUE,FALSE,FALSE,TRUE,Stroke,14366577-33fe-4e21-bb98-bd178b369c3b,PGA National (Champion),"Palm Beach Gardens, FL",70,7125,Palm Beach Gardens,FL,USA,America/New York,6800000,2019-02-28T11:45:00,NA
311,Puerto Rico Open,2019-02-21T00:00:00,2019-02-24T00:00:00,TRUE,FALSE,FALSE,FALSE,Stroke,742058ac-3c16-4842-8802-a764b72c4b44,Coco Beach Golf & CC,"Rio Grande, Pur",72,7506,Rio Grande,NA,PUR,America/Puerto Rico,3000000,NA,NA
312,WGC-Mexico Championship,2019-02-21T00:00:00,2019-02-24T00:00:00,TRUE,FALSE,FALSE,TRUE,Stroke,ded5cec3-8145-4d18-b73b-3fee8a38a0cd,Club de Golf Chapultepec,"Mexico City, Mex",71,7345,Mexico City,NA,MEX,America/Mexico City,10250000,NA,NA
310,Genesis Open,2019-02-14T00:00:00,2019-02-17T00:00:00,TRUE,FALSE,FALSE,TRUE,Stroke,04cdb94a-2627-4656-8f93-051de3cdf5f9,Riviera CC,"Pacific Palisades, CA",71,7322,Pacific Palisades,CA,USA,America/Los Angeles,7400000,2019-02-15T07:40:00,NA
309,AT&T Pebble Beach Pro-Am,2019-02-07T00:00:00,2019-02-11T00:00:00,TRUE,FALSE,FALSE,TRUE,Stroke,578cd649-c994-4283-b8f2-1b1a2663cc64,Pebble Beach GL,"Pebble Beach, CA",72,6960,Pebble Beach,CA,USA,America/Los Angeles,7600000,2019-02-07T09:50:00,NA
308,Waste Management Phoenix Open,2019-01-31T00:00:00,2019-02-03T00:00:00,TRUE,FALSE,FALSE,TRUE,Stroke,45dd0784-11d7-4833-bbde-30d4060a88dc,TPC Scottsdale,"Scottsdale, AZ",71,7261,Scottsdale,AZ,USA,America/Phoenix,7100000,2019-02-01T07:20:00,NA
307,Farmers Insurance Open,2019-01-24T00:00:00,2019-01-27T00:00:00,TRUE,FALSE,FALSE,TRUE,Stroke,8e324d4b-57ea-46a3-8078-98817d6e851d,Torrey Pines GC (South),"San Diego, CA",72,7258,San Diego,CA,USA,America/Los Angeles,7100000,2019-01-25T09:00:00,NA
306,Desert Classic,2019-01-17T00:00:00,2019-01-20T00:00:00,TRUE,FALSE,FALSE,TRUE,Stroke,ab9e1db3-3b03-42a5-a3fd-78d031714f8f,Stadium Course,"La Quinta, CA",72,7060,La Quinta,CA,USA,America/Los Angeles,5900000,2019-01-19T08:30:00,NA
305,Sony Open in Hawaii,2019-01-10T00:00:00,2019-01-13T00:00:00,TRUE,FALSE,FALSE,TRUE,Stroke,58c1de5c-0067-4e6e-84ed-7524599f1ee1,Waialae CC,"Honolulu, HI",70,7044,Honolulu,HI,USA,Pacific/Honolulu,6400000,2019-01-11T07:00:00,NA
304,Sentry Tournament of Champions,2019-01-03T00:00:00,2019-01-06T00:00:00,TRUE,FALSE,FALSE,TRUE,Stroke,86b8e001-f44f-41db-9f94-f7aaebe19755,Plantation Course at Kapalua,"Kapalua, Maui, HI",73,7518,"Kapalua, Maui",HI,USA,Pacific/Honolulu,6500000,NA,NA
303,QBE Shootout,2018-12-07T00:00:00,2018-12-09T00:00:00,FALSE,FALSE,FALSE,FALSE,Team,,Tiburón GC,"Naples, FL",NA,NA,Naples,FL,USA,America/New York,3400000,NA,NA
302,Hero World Challenge,2018-11-29T00:00:00,2018-12-02T00:00:00,TRUE,FALSE,FALSE,TRUE,Stroke,87c32ab8-3380-45d1-9311-326190979b24,Albany,"New Providence, Bah",72,7309,New Providence,NA,BAH,America/Nassau,3500000,NA,NA
328,The Match: Tiger vs Phil,2018-11-23T00:00:00,2018-11-23T00:00:00,FALSE,FALSE,FALSE,FALSE,Match,e88f2126-7f23-4316-9f66-913e699e8409,Shadow Creek Golf Course,"Las Vegas, NV",72,7560,Las Vegas,NV,USA,America/Los Angeles,9000000,NA,NA
345,ISPS Handa Melbourne World Cup of Golf,2018-11-22T00:00:00,2018-11-25T00:00:00,FALSE,FALSE,FALSE,TRUE,Stroke,,The Metropolitan Golf Club,"South Oakleigh, Victoria, Aus",NA,NA,"South Oakleigh, Victoria",NA,AUS,Australia/Hobart,7000000,NA,NA
301,The RSM Classic,2018-11-15T00:00:00,2018-11-18T00:00:00,TRUE,FALSE,FALSE,TRUE,Stroke,e17a1758-a656-47c9-aaa7-a36170176750,Sea Island Resort (Seaside),"Sea Island, GA",70,7005,Sea Island,GA,USA,America/New York,6400000,NA,NA
300,Mayakoba Golf Classic,2018-11-08T00:00:00,2018-11-11T00:00:00,TRUE,FALSE,FALSE,TRUE,Stroke,8a14957b-0c6a-427a-a623-03667c650df5,El Camaleon GC,"Playa del Carmen, Mex",71,6987,Playa del Carmen,NA,MEX,America/Cancun,7200000,NA,NA
299,Shriners Hospital for Children Open,2018-11-01T00:00:00,2018-11-04T00:00:00,TRUE,FALSE,FALSE,TRUE,Stroke,1d770b4e-9410-41cf-91d8-929a18a0bddd,TPC Summerlin,"Las Vegas, NV",71,7255,Las Vegas,NV,USA,America/Los Angeles,NA,NA,NA
297,Sanderson Farms Championship,2018-10-25T00:00:00,2018-10-28T00:00:00,TRUE,FALSE,FALSE,TRUE,Stroke,f919b713-50cc-4c9a-9283-5d8ae061de13,CC of Jackson,"Jackson, MS",72,7421,Jackson,MS,USA,America/Chicago,NA,NA,NA
298,WGC-HSBC CHAMPIONS,2018-10-24T00:00:00,2018-10-28T00:00:00,TRUE,FALSE,FALSE,TRUE,Stroke,24a5a75b-c60e-4029-befb-caaec2f52d31,Sheshan International GC,"Shanghai, Chn",72,7261,Shanghai,NA,CHN,Asia/Shanghai,10000000,NA,NA
296,THE CJ CUP @ NINE BRIDGES,2018-10-17T00:00:00,2018-10-21T00:00:00,TRUE,FALSE,FALSE,TRUE,Stroke,cc01dc5e-bba3-45c4-9af4-f3e8717d0afc,Nine Bridges,"Jeju Island, Kor",72,7196,Jeju Island,NA,KOR,Asia/Seoul,9500000,NA,NA
295,CIMB Classic,2018-10-10T00:00:00,2018-10-14T00:00:00,TRUE,FALSE,FALSE,TRUE,Stroke,c365148b-a401-4c9f-9151-358e649d2c0d,TPC Kuala Lumpur,"Kuala Lumpur, Mas",71,6246,Kuala Lumpur,NA,MAS,Asia/Kuala Lumpur,7000000,NA,NA
294,Safeway Open,2018-10-04T00:00:00,2018-10-07T00:00:00,TRUE,FALSE,FALSE,TRUE,Stroke,fe835a24-f198-4a8c-8561-0ecafb4b1b45,Silverado Resort and Spa North,"Napa, CA",72,7203,Napa,CA,USA,America/Los Angeles,NA,2018-10-05T07:10:00,NA
284,Ryder Cup,2018-09-28T00:00:00,2018-09-30T00:00:00,FALSE,FALSE,FALSE,FALSE,Team,06c4bf3d-234b-4e34-81c5-36b3bbec346c,Le Golf National,"Saint-Quentin-en-Yvelines, Fra",71,7214,Saint-Quentin-en-Yvelines,NA,FRA,Europe/France,NA,NA,NA
238,Tour Championship,2018-09-20T00:00:00,2018-09-23T00:00:00,TRUE,FALSE,FALSE,TRUE,Stroke,1b688431-5102-4ae3-a0e3-0fb9ccfcfdec,East Lake GC,"Atlanta, GA",70,7362,Atlanta,GA,USA,America/New York,NA,2018-09-23T11:45:00,NA
237,BMW Championship,2018-09-06T00:00:00,2018-09-10T00:00:00,TRUE,FALSE,FALSE,TRUE,Stroke,3df3e599-b2dc-4d78-a282-658cd3c2acc9,Medinah CC (No. 3),"Medinah, IL",70,7190,Medinah,IL,USA,America/Chicago,9250000,2018-09-09T07:30:00,NA
281,Dell Technologies Championship,2018-08-31T00:00:00,2018-09-03T00:00:00,TRUE,FALSE,FALSE,TRUE,Stroke,4511a2b3-976b-4bc2-a0d1-334799a92b1f,TPC Boston,"Norton, MA",71,7342,Norton,MA,USA,America/New York,9000000,2018-08-31T13:16:00,NA
280,THE NORTHERN TRUST,2018-08-23T00:00:00,2018-08-26T00:00:00,TRUE,FALSE,FALSE,TRUE,Stroke,d6677a91-17ab-4aa4-9d9f-2e484c15dcab,Ridgewood CC,"Paramus, NJ",71,7385,Paramus,NJ,USA,America/New York,9000000,2018-08-23T12:55:00,NA
279,Wyndham Championship,2018-08-16T00:00:00,2018-08-19T00:00:00,TRUE,FALSE,FALSE,TRUE,Stroke,88b26ec2-9a07-4359-9e4f-915c381c37a5,Sedgefield CC,"Greensboro, NC",70,7127,Greensboro,NC,USA,America/New York,6000000,2018-08-17T07:00:00,NA
278,PGA Championship,2018-08-09T00:00:00,2018-08-12T00:00:00,TRUE,FALSE,FALSE,TRUE,Stroke,3493243a-8ce6-40e9-bde5-fe8993084364,Bellerive CC,"St. Louis, MO",70,7316,St. Louis,MO,USA,America/Chicago,11000000,2018-08-09T08:23:00,NA
277,WGC-Bridgestone Invitational,2018-08-02T00:00:00,2018-08-05T00:00:00,TRUE,FALSE,FALSE,TRUE,Stroke,4f5761bc-cf16-4ae9-9f19-67baa5d1bde3,Firestone CC (South),"Akron, OH",70,7400,Akron,OH,USA,America/New York,10000000,2018-08-02T10:40:00,NA
293,Barracuda Championship,2018-08-02T00:00:00,2018-08-05T00:00:00,FALSE,FALSE,FALSE,FALSE,Stableford,b4250745-28e1-469e-a733-e074962e8cb0,Montreux G&CC,"Reno, NV",72,7472,Reno,NV,USA,America/Los Angeles,3400000,NA,NA
276,RBC Canadian Open,2018-07-26T00:00:00,2018-07-29T00:00:00,TRUE,FALSE,FALSE,TRUE,Stroke,fa2b17f5-67b4-465a-99e8-7c0886b15a1a,Glen Abbey GC,"Oakville,Ontario, Can",72,7253,"Oakville,Ontario",NA,Can,America/Toronto,6200000,2018-07-26T08:40:00,NA
275,The Open,2018-07-19T00:00:00,2018-07-22T00:00:00,TRUE,FALSE,FALSE,TRUE,Stroke,a641fcd3-dc9a-4dbf-b7bc-3c2d8fe28592,Carnoustie GC,"Angus, Sco",71,7402,Angus,NA,SCO,Europe/London,10500000,2018-07-19T09:25:00,NA
292,Barbasol Championship,2018-07-19T00:00:00,2018-07-23T00:00:00,TRUE,FALSE,FALSE,TRUE,Stroke,82df96e3-170b-464d-8006-325a4a5d04d8,Keene Trace Golf Club,"Nicholasville, KY",72,6869,Nicholasville,KY,USA,America/New York,3500000,2018-07-19T09:20:00,NA
274,John Deere Classic,2018-07-12T00:00:00,2018-07-15T00:00:00,TRUE,FALSE,FALSE,TRUE,Stroke,46142203-dc19-4c66-b9c3-1b3d074e6ef4,TPC Deere Run,"Silvis, IL",71,7268,Silvis,IL,USA,America/Chicago,5800000,2018-07-12T13:10:00,NA
273,A Military Tribute at The Greenbrier,2018-07-05T00:00:00,2018-07-08T00:00:00,TRUE,FALSE,FALSE,TRUE,Stroke,a99ce782-7b05-4563-b41d-ff51a6ffd6d0,The Old White TPC,"White Sulphur Springs, WV",70,7286,White Sulphur Springs,WV,USA,America/New York,7300000,2018-07-05T07:00:00,NA
289,Quicken Loans National,2018-06-28T00:00:00,2018-07-01T00:00:00,TRUE,FALSE,FALSE,TRUE,Stroke,51e18f90-178b-4169-a145-5008da07140e,TPC Potomac at Avenel Farm,"Potomac, MD",70,7107,Potomac,MD,USA,America/New York,7100000,2018-06-29T07:20:00,NA
272,Travelers Championship,2018-06-21T00:00:00,2018-06-24T00:00:00,TRUE,FALSE,FALSE,TRUE,Stroke,7054997a-8f30-4f09-a059-7535e4a71c49,TPC River Highlands,"Cromwell, CT",70,6841,Cromwell,CT,USA,America/New York,7000000,2018-06-21T09:00:00,NA
271,U.S. Open,2018-06-14T00:00:00,2018-06-17T00:00:00,TRUE,FALSE,FALSE,TRUE,Stroke,ebdd3311-2abf-434d-9b7e-00396078c279,Shinnecock Hills GC,"Southampton, NY",70,7440,Southampton,NY,USA,America/New York,12000000,2018-06-15T06:45:00,NA
270,FedEx St. Jude Classic,2018-06-07T00:00:00,2018-06-10T00:00:00,TRUE,FALSE,FALSE,TRUE,Stroke,429367ad-62fb-4542-aa29-6e3f8ed128c8,TPC Southwind,"Memphis, TN",70,7244,Memphis,TN,USA,America/Chicago,6600000,2018-06-07T12:10:00,NA
269,the Memorial Tournament pres. by Nationwide,2018-05-31T00:00:00,2018-06-03T00:00:00,TRUE,FALSE,FALSE,TRUE,Stroke,579d7c64-2904-4ce6-b9b2-8998794278d1,Muirfield Village GC,"Dublin, OH",72,7392,Dublin,OH,USA,America/New York,NA,2018-06-01T07:20:00,NA
268,Fort Worth Invitational,2018-05-24T00:00:00,2018-05-27T00:00:00,TRUE,FALSE,FALSE,TRUE,Stroke,b3b52f97-3c5f-49f8-94ac-e2f03f5879f4,Colonial CC,"Fort Worth, TX",70,7209,Fort Worth,TX,USA,America/Chicago,7100000,2018-05-24T08:00:00,NA
267,AT&T Byron Nelson,2018-05-17T00:00:00,2018-05-20T00:00:00,TRUE,FALSE,FALSE,TRUE,Stroke,8972cf99-eabb-4cb4-8b38-9c256ea77c79,Trinity Forest Golf Club,"Dallas, TX",71,7380,Dallas,TX,USA,America/Chicago,7700000,2018-05-17T07:20:00,NA
266,THE PLAYERS Championship,2018-05-10T00:00:00,2018-05-13T00:00:00,TRUE,FALSE,FALSE,TRUE,Stroke,6ff392df-0da8-45df-9733-f8460fd6dc8f,TPC Sawgrass,"Ponte Vedra Beach, FL",72,7189,Ponte Vedra Beach,FL,USA,America/New York,10500000,2018-05-10T08:49:00,NA
265,Wells Fargo Championship,2018-05-03T00:00:00,2018-05-06T00:00:00,TRUE,FALSE,FALSE,TRUE,Stroke,f1458ef8-6d57-4b9d-b35b-ae163c35bf63,Quail Hollow Club,"Charlotte, NC",71,7600,Charlotte,NC,USA,America/New York,7700000,2018-05-03T14:10:00,NA
264,Zurich Classic of New Orleans,2018-04-26T00:00:00,2018-04-29T00:00:00,FALSE,FALSE,FALSE,FALSE,Team,8e6ebfbe-fc42-4310-b98e-70f15f7d66bb,TPC Louisiana,"Avondale, LA",72,7425,Avondale,LA,USA,America/Chicago,7200000,NA,NA
263,Valero Texas Open,2018-04-19T00:00:00,2018-04-22T00:00:00,TRUE,FALSE,FALSE,TRUE,Stroke,98a3755f-451f-484d-b667-18eb720fcc7c,TPC San Antonio - AT&T Oaks,"San Antonio, TX",72,7435,San Antonio,TX,USA,America/Chicago,6200000,2018-04-19T08:10:00,NA
262,RBC Heritage,2018-04-12T00:00:00,2018-04-15T00:00:00,TRUE,FALSE,FALSE,TRUE,Stroke,ff7dfb16-bfe4-4acd-96cf-3696a923ffca,Harbour Town GL,"Hilton Head, SC",71,7099,Hilton Head,SC,USA,America/New York,6700000,2018-04-12T07:10:00,NA
261,2018 Masters Tournament,2018-04-05T00:00:00,2018-04-08T00:00:00,TRUE,FALSE,FALSE,TRUE,Stroke,b404a8d5-5e33-4417-ae20-5d4d147042ee,Augusta National GC,"Augusta, GA",72,7435,Augusta,GA,USA,America/New York,11000000,2018-04-06T08:30:00,NA
260,Houston Open,2018-03-29T00:00:00,2018-04-01T00:00:00,TRUE,FALSE,FALSE,TRUE,Stroke,93313ba8-53b8-4da6-be57-a6792f8fb6b3,GC of Houston,"Humble, TX",72,7441,Humble,TX,USA,America/Chicago,7000000,2018-03-30T07:20:00,NA
259,Corales Puntacana Resort & Club Championship,2018-03-22T00:00:00,2018-03-25T00:00:00,TRUE,FALSE,FALSE,TRUE,Stroke,f25b3eb9-9794-4f6a-8da0-ddacfc93091b,Corales Golf Club,"Punta Cana, Dom",72,7670,Punta Cana,NA,DOM,America/Dominica,3000000,2018-03-22T06:50:00,NA
258,World Golf Championships-Dell Technologies Match Play,2018-03-21T00:00:00,2018-03-25T00:00:00,FALSE,FALSE,FALSE,FALSE,Match,cf359956-a086-4b55-b707-84b26f8f5e82,Austin Country Club,"Austin, TX",71,7108,Austin,TX,USA,America/Chicago,10000000,NA,NA
257,Arnold Palmer Invitational presented by Mastercard,2018-03-15T00:00:00,2018-03-18T00:00:00,TRUE,FALSE,FALSE,TRUE,Stroke,2c6a8498-4a73-494b-92b9-29bbbcd1d015,Bay Hill Club & Lodge,"Orlando, FL",72,7419,Orlando,FL,USA,America/New York,8900000,2018-03-16T07:35:00,NA
256,Valspar Championship,2018-03-08T00:00:00,2018-03-11T00:00:00,TRUE,FALSE,FALSE,TRUE,Stroke,64c5abe3-6c12-4d67-9252-e011966b1a71,Innisbrook Resort (Copperhead),"Palm Harbor, FL",71,7278,Palm Harbor,FL,USA,America/New York,6500000,2018-03-09T06:50:00,NA
291,Puerto Rico Open Charity Day,2018-03-02T00:00:00,2018-03-03T00:00:00,FALSE,FALSE,FALSE,FALSE,Stroke,fb8556a3-23ed-4434-aedf-1ccf3f27e39e,TPC Dorado Beach Resort,"Dorado, Pur",71,7345,Dorado,NA,PUR,America/New York,NA,NA,NA
255,World Golf Championships-Mexico Championship,2018-03-01T00:00:00,2018-03-04T00:00:00,TRUE,FALSE,FALSE,TRUE,Stroke,e98250a5-f08f-480e-8dbc-2b1e88f8304c,Club de Golf Chapultepec,"Mexico City, Mex",71,7345,Mexico City,NA,MEX,America/Mexico City,10000000,2018-03-01T12:15:00,NA
254,The Honda Classic,2018-02-22T00:00:00,2018-02-25T00:00:00,TRUE,FALSE,FALSE,TRUE,Stroke,f50ad093-6238-49e3-876c-c4d52f4f39e1,PGA National (Champion),"Palm Beach Gardens, FL",70,7140,Palm Beach Gardens,FL,USA,America/New York,6600000,2018-02-22T11:35:00,NA
253,Genesis Open,2018-02-15T00:00:00,2018-02-18T00:00:00,TRUE,FALSE,FALSE,TRUE,Stroke,790ee99c-0c02-4d01-9230-98bc8510aaca,Riviera CC,"Pacific Palisades, CA",71,7322,Pacific Palisades,CA,USA,America/Los Angeles,7200000,2018-02-15T11:04:00,NA
252,AT&T Pebble Beach Pro-Am,2018-02-08T00:00:00,2018-02-11T00:00:00,TRUE,FALSE,FALSE,TRUE,Stroke,a4becb4f-f940-4821-a393-7dac3511cbd1,Pebble Beach GL,"Pebble Beach, CA",71,6958,Pebble Beach,CA,USA,America/Los Angeles,7400000,2018-02-08T13:01:00,NA
251,Waste Management Phoenix Open,2018-02-01T00:00:00,2018-02-04T00:00:00,TRUE,FALSE,FALSE,TRUE,Stroke,214384e9-0ce4-4b05-8ff3-56f9f1a4b995,TPC Scottsdale,"Scottsdale, AZ",71,7266,Scottsdale,AZ,USA,America/Phoenix,6900000,2018-02-01T13:35:00,NA
250,Farmers Insurance Open,2018-01-25T00:00:00,2018-01-28T00:00:00,TRUE,FALSE,FALSE,TRUE,Stroke,d41c4833-caea-4247-a1b9-c9ccc48d9e08,Torrey Pines GC (South),"San Diego, CA",72,7698,San Diego,CA,USA,America/Los Angeles,6900000,2018-01-25T12:10:00,NA
249,CareerBuilder Challenge,2018-01-18T00:00:00,2018-01-21T00:00:00,TRUE,FALSE,FALSE,TRUE,Stroke,0c1b3e0d-9cfb-416d-92ec-9518a87e94ec,Stadium Course,"La Quinta, CA",72,7159,La Quinta,CA,USA,America/Los Angeles,5900000,2018-01-18T11:40:00,NA
248,Sony Open in Hawaii,2018-01-11T00:00:00,2018-01-14T00:00:00,TRUE,FALSE,FALSE,TRUE,Stroke,8efc0aa6-c708-4b82-8264-2c337db42e5e,Waialae CC,"Honolulu, HI",70,7044,Honolulu,HI,USA,Pacific/Honolulu,6200000,2018-01-11T16:40:00,NA
235,Sentry Tournament of Champions,2018-01-04T00:00:00,2018-01-07T00:00:00,TRUE,FALSE,FALSE,TRUE,Stroke,93ede239-06a6-4e7a-a30b-1f3d04da11d5,Plantation Course at Kapalua,"Kapalua, Maui, HI",73,7452,"Kapalua, Maui",HI,USA,Pacific/Honolulu,6300000,2018-01-04T17:10:00,NA
234,QBE Shootout,2017-12-08T00:00:00,2017-12-10T00:00:00,FALSE,FALSE,FALSE,FALSE,Team,,Tiburón GC,"Naples, FL",NA,NA,Naples,FL,USA,America/New York,3300000,NA,NA
233,Hero World Challenge,2017-11-30T00:00:00,2017-12-03T00:00:00,TRUE,FALSE,FALSE,TRUE,Stroke,e62314d0-ecbe-4fa1-87a7-90f91c575e6b,Albany,"New Providence, Bah",72,7309,New Providence,NA,BAH,America/Nassau,3500000,2017-11-30T11:32:00,NA
232,The RSM Classic,2017-11-16T00:00:00,2017-11-19T00:00:00,TRUE,FALSE,FALSE,TRUE,Stroke,1a7d6bfa-de08-46bb-a4a1-d560ec33d066,Sea Island Resort (Seaside),"Sea Island, GA",72,7058,Sea Island,GA,USA,America/New York,6200000,2017-11-16T10:30:00,NA
231,OHL Classic at Mayakoba,2017-11-09T00:00:00,2017-11-12T00:00:00,TRUE,FALSE,FALSE,TRUE,Stroke,82853167-05f1-4ad1-a023-5cb5cccadaf9,El Camaleon GC,"Playa del Carmen, Mex",71,6987,Playa del Carmen,NA,Mex,America/Cancun,7100000,2017-11-09T11:50:00,NA
230,Shriners Hospitals for Children Open,2017-11-02T00:00:00,2017-11-05T00:00:00,TRUE,FALSE,FALSE,TRUE,Stroke,0f74b6a7-434b-47c4-837f-aca6a81da1c1,TPC Summerlin,"Las Vegas, NV",71,7255,Las Vegas,NV,USA,America/Los Angeles,6800000,2017-11-02T14:55:00,NA
229,World Golf Championships-HSBC Champions,2017-10-26T00:00:00,2017-10-29T00:00:00,TRUE,FALSE,FALSE,TRUE,Stroke,19ed4286-74b9-4ad6-9f58-473c41437bc1,Sheshan International GC,"Shanghai, Chn",72,7261,Shanghai,NA,CHN,Asia/Shanghai,9750000,2017-10-28T22:35:00,NA
288,Sanderson Farms Championship,2017-10-26T00:00:00,2017-10-29T00:00:00,TRUE,FALSE,FALSE,TRUE,Stroke,8e1f6c0a-6338-4126-b4e1-e23d310f3f7e,CC of Jackson,"Jackson, MS",72,7421,Jackson,MS,USA,America/Chicago,4300000,2017-10-26T08:30:00,NA
228,THE CJ CUP @ NINE BRIDGES,2017-10-19T00:00:00,2017-10-22T00:00:00,TRUE,FALSE,FALSE,TRUE,Stroke,ba081e5d-040a-4d6a-8dcd-dbe1e46b0d25,Nine Bridges,"Jeju Island, Kor",72,7196,Jeju Island,NA,KOR,Seoul\South Korea,9250000,2017-10-20T20:10:00,NA
227,CIMB Classic,2017-10-12T00:00:00,2017-10-15T00:00:00,TRUE,FALSE,FALSE,TRUE,Stroke,acdf4d81-3c8c-48e9-8046-6d9218cdcc62,TPC Kuala Lumpur,"Kuala Lumpur, Mas",71,6246,Kuala Lumpur,NA,MAS,Asia/Kuala Lumpur,7000000,2017-10-15T18:50:00,NA
226,Safeway Open,2017-10-05T00:00:00,2017-10-08T00:00:00,TRUE,FALSE,FALSE,TRUE,Stroke,6ac41bbe-d3b9-4022-9223-3f20ff8f1af7,Silverado Resort and Spa North,"Napa, CA",72,7203,Napa,CA,USA,America/Los Angeles,6200000,2017-10-05T15:10:00,NA
158,Presidents Cup,2017-09-28T00:00:00,2017-10-01T00:00:00,TRUE,FALSE,FALSE,FALSE,Team,,Liberty National GC,"Jersey City, NJ",71,7328,Jersey City,NJ,USA,America/New York,NA,NA,NA
157,TOUR Championship,2017-09-21T00:00:00,2017-09-24T00:00:00,TRUE,FALSE,FALSE,TRUE,Stroke,,East Lake GC,"Atlanta, GA",70,7045,Atlanta,GA,USA,America/New York,8750000,2017-09-21T12:30:00,NA
156,BMW Championship,2017-09-14T00:00:00,2017-09-17T00:00:00,TRUE,FALSE,FALSE,TRUE,Stroke,,Conway Farms GC,"Lake Forest, IL",71,7208,Lake Forest,IL,USA,America/Chicago,8750000,2017-09-14T14:43:00,NA
159,Dell Technologies Championship,2017-09-01T00:00:00,2017-09-04T00:00:00,TRUE,FALSE,FALSE,TRUE,Stroke,,TPC Boston,"Norton, MA",71,7342,Norton,MA,USA,America/New York,8750000,2017-09-01T08:15:00,NA
146,THE NORTHERN TRUST,2017-08-24T00:00:00,2017-08-27T00:00:00,TRUE,FALSE,FALSE,TRUE,Stroke,,Glen Oaks Club,"Old Westbury, NY",70,7346,Old Westbury,NY,USA,America/New York,8750000,2017-08-24T12:00:00,NA
145,Wyndham Championship,2017-08-17T00:00:00,2017-08-20T00:00:00,TRUE,FALSE,FALSE,TRUE,Stroke,,Sedgefield CC,"Greensboro, NC",70,7127,Greensboro,NC,USA,America/New York,5800000,2017-08-17T07:10:00,NA
144,PGA Championship,2017-08-10T00:00:00,2017-08-13T00:00:00,TRUE,FALSE,FALSE,TRUE,Stroke,,Quail Hollow-PGA Championship,"Charlotte, NC",71,7600,Charlotte,NC,USA,America/New York,10500000,2017-08-10T09:15:00,NA
142,World Golf Championships-Bridgestone Invitational,2017-08-03T00:00:00,2017-08-06T00:00:00,TRUE,FALSE,FALSE,TRUE,Stroke,,Firestone CC (South),"Akron, OH",70,7400,Akron,OH,USA,America/New York,9750000,2017-08-04T09:35:00,NA
143,Barracuda Championship,2017-08-03T00:00:00,2017-08-06T00:00:00,TRUE,FALSE,FALSE,FALSE,Stableford,,Montreux G&CC,"Reno, NV",72,7472,Reno,NV,USA,America/Los Angeles,3300000,NA,NA
141,RBC Canadian Open,2017-07-27T00:00:00,2017-07-30T00:00:00,TRUE,FALSE,FALSE,TRUE,Stroke,,Glen Abbey GC,"Oakville,Ontario, Can",72,7253,"Oakville,Ontario",NA,Can,America/Toronto,6000000,2017-07-27T08:00:00,NA
139,The Open Championship,2017-07-20T00:00:00,2017-07-23T00:00:00,TRUE,FALSE,FALSE,TRUE,Stroke,,Royal Birkdale GC,"Southport, Eng",70,7156,Southport,NA,ENG,Europe/London,10250000,2017-07-20T05:20:00,NA
140,Barbasol Championship,2017-07-20T00:00:00,2017-07-23T00:00:00,TRUE,FALSE,FALSE,TRUE,Stroke,,RTJ Trail (Grand National),"Auburn/Opelika, AL",71,7302,Auburn/Opelika,AL,USA,America/Chicago,3500000,2017-07-20T08:31:00,NA
138,John Deere Classic,2017-07-13T00:00:00,2017-07-16T00:00:00,TRUE,FALSE,FALSE,TRUE,Stroke,,TPC Deere Run,"Silvis, IL",72,7004,Silvis,IL,USA,America/Chicago,5600000,2017-07-13T08:40:00,NA
137,The Greenbrier Classic,2017-07-06T00:00:00,2017-07-09T00:00:00,TRUE,FALSE,FALSE,TRUE,Stroke,,The Old White TPC,"White Sulphur Springs, WV",70,7286,White Sulphur Springs,WV,USA,America/New York,7100000,2017-07-06T09:00:00,NA
136,Quicken Loans National,2017-06-29T00:00:00,2017-07-02T00:00:00,TRUE,FALSE,FALSE,TRUE,Stroke,,TPC Potomac at Avenel Farm,"Potomac, MD",70,7107,Potomac,MD,USA,America/New York,7100000,2017-06-29T07:26:00,NA
135,Travelers Championship,2017-06-22T00:00:00,2017-06-25T00:00:00,TRUE,FALSE,FALSE,TRUE,Stroke,,TPC River Highlands,"Cromwell, CT",70,6841,Cromwell,CT,USA,America/New York,6800000,2017-06-22T12:00:00,NA
204,CVS Health Charity Classic,2017-06-19T00:00:00,2017-06-20T00:00:00,TRUE,FALSE,FALSE,FALSE,Stroke,,Rhode Island CC,"Barrington, RI",NA,NA,Barrington,RI,USA,America/New York,1500000,NA,NA
134,U.S. Open,2017-06-15T00:00:00,2017-06-18T00:00:00,TRUE,FALSE,FALSE,TRUE,Stroke,,Erin Hills,"Erin, WI",72,7741,Erin,WI,USA,America/Chicago,12000000,2017-06-15T13:30:00,NA
133,FedEx St. Jude Classic,2017-06-08T00:00:00,2017-06-11T00:00:00,TRUE,FALSE,FALSE,TRUE,Stroke,,TPC Southwind,"Memphis, TN",70,7244,Memphis,TN,USA,America/Chicago,6400000,2017-06-08T09:40:00,NA
132,the Memorial Tournament presented by Nationwide,2017-06-01T00:00:00,2017-06-04T00:00:00,TRUE,FALSE,FALSE,TRUE,Stroke,,Muirfield Village GC,"Dublin, OH",72,7392,Dublin,OH,USA,America/New York,8700000,2017-06-01T07:42:00,NA
131,DEAN & DELUCA Invitational,2017-05-25T00:00:00,2017-05-28T00:00:00,TRUE,FALSE,FALSE,TRUE,Stroke,,Colonial CC,"Fort Worth, TX",70,7209,Fort Worth,TX,USA,America/Chicago,6900000,2017-05-25T13:00:00,NA
130,AT&T Byron Nelson,2017-05-18T00:00:00,2017-05-21T00:00:00,TRUE,FALSE,FALSE,TRUE,Stroke,,TPC Four Seasons Resort,"Irving, TX",70,7166,Irving,TX,USA,America/Chicago,7500000,2017-05-18T13:00:00,NA
129,THE PLAYERS Championship,2017-05-11T00:00:00,2017-05-14T00:00:00,TRUE,FALSE,FALSE,TRUE,Stroke,,TPC Sawgrass,"Ponte Vedra Beach, FL",72,7189,Ponte Vedra Beach,FL,USA,America/New York,10500000,2017-05-11T07:32:00,NA
128,Wells Fargo Championship,2017-05-04T00:00:00,2017-05-07T00:00:00,TRUE,FALSE,FALSE,TRUE,Stroke,,Eagle Point Golf Club,"Wilmington, NC",72,7396,Wilmington,NC,USA,America/New York,7500000,2017-05-04T12:00:00,NA
127,Zurich Classic of New Orleans,2017-04-27T00:00:00,2017-04-30T00:00:00,TRUE,FALSE,FALSE,FALSE,Team,,TPC Louisiana,"Avondale, LA",72,7425,Avondale,LA,USA,America/Chicago,7100000,NA,70094
126,Valero Texas Open,2017-04-20T00:00:00,2017-04-23T00:00:00,TRUE,FALSE,FALSE,TRUE,Stroke,,TPC San Antonio - AT&T Oaks,"San Antonio, TX",72,7435,San Antonio,TX,USA,America/Chicago,6200000,2017-04-20T13:10:00,78261
125,RBC Heritage,2017-04-13T00:00:00,2017-04-16T00:00:00,TRUE,FALSE,FALSE,TRUE,Stroke,,Harbour Town GL,"Hilton Head, SC",71,7099,Hilton Head,SC,USA,America/New York,6500000,2017-04-14T07:10:00,29928
124,Masters Tournament,2017-04-06T00:00:00,2017-04-09T00:00:00,TRUE,FALSE,FALSE,TRUE,Stroke,,Augusta National GC,"Augusta, GA",72,7435,Augusta,GA,USA,America/New York,10000000,2017-04-06T11:07:00,30904
123,Shell Houston Open,2017-03-30T00:00:00,2017-04-02T00:00:00,TRUE,FALSE,FALSE,TRUE,Stroke,,GC of Houston,"Humble, TX",72,7441,Humble,TX,USA,America/Chicago,7000000,2017-03-30T13:10:00,77396
122,Puerto Rico Open,2017-03-23T00:00:00,2017-03-26T00:00:00,TRUE,FALSE,FALSE,TRUE,Stroke,,Coco Beach Golf & CC,"Rio Grande, Pur",72,7506,Rio Grande,NA,PUR,America/Puerto Rico,3000000,2017-03-23T00:00:00,00745
121,World Golf Championships-Dell Technologies Match Play,2017-03-22T00:00:00,2017-03-26T00:00:00,TRUE,FALSE,FALSE,FALSE,Match,,Austin Country Club,"Austin, TX",NA,NA,Austin,TX,USA,America/Chicago,9750000,NA,78746
120,Arnold Palmer Invitational presented by Mastercard,2017-03-16T00:00:00,2017-03-19T00:00:00,TRUE,FALSE,FALSE,TRUE,Stroke,,Bay Hill Club & Lodge,"Orlando, FL",72,7419,Orlando,FL,USA,America/New York,8700000,2017-03-16T00:00:00,32819
119,Valspar Championship,2017-03-09T00:00:00,2017-03-12T00:00:00,TRUE,FALSE,FALSE,TRUE,Stroke,,Innisbrook Resort (Copperhead),"Palm Harbor, FL",71,7340,Palm Harbor,FL,USA,America/New York,6300000,2017-03-09T00:00:00,34683
201,World Golf Championships-Mexico Championship,2017-03-02T00:00:00,2017-03-05T00:00:00,TRUE,FALSE,FALSE,TRUE,Stroke,,Club de Golf Chapultepec,"Mexico City, Mex",71,7330,Mexico City,NA,MEX,America/Mexico City,9750000,2017-03-02T00:00:00,NA
118,The Honda Classic,2017-02-23T00:00:00,2017-02-26T00:00:00,TRUE,FALSE,FALSE,TRUE,Stroke,,PGA National (Champion),"Palm Beach Gardens, FL",70,7140,Palm Beach Gardens,FL,USA,America/New York,6400000,2017-02-23T00:00:00,33418
117,Genesis Open,2017-02-16T00:00:00,2017-02-19T00:00:00,TRUE,FALSE,FALSE,TRUE,Stroke,,Riviera CC,"Pacific Palisades, CA",71,7322,Pacific Palisades,CA,USA,America/Los Angeles,7000000,2017-02-16T00:00:00,90272
116,AT&T Pebble Beach Pro-Am,2017-02-09T00:00:00,2017-02-12T00:00:00,TRUE,FALSE,FALSE,TRUE,Stroke,,Pebble Beach GL,"Pebble Beach, CA",71,6958,Pebble Beach,CA,USA,America/Los Angeles,7200000,2017-02-09T00:00:00,93953
115,Waste Management Phoenix Open,2017-02-02T00:00:00,2017-02-05T00:00:00,TRUE,FALSE,FALSE,TRUE,Stroke,,TPC Scottsdale,"Scottsdale, AZ",71,7216,Scottsdale,AZ,USA,America/Phoenix,6700000,2017-02-02T00:00:00,85255
114,Farmers Insurance Open,2017-01-26T00:00:00,2017-01-29T00:00:00,TRUE,FALSE,FALSE,TRUE,Stroke,,Torrey Pines GC (South),"San Diego, CA",72,7698,San Diego,CA,USA,America/Los Angeles,6700000,2017-01-26T00:00:00,92037
113,CareerBuilder Challenge,2017-01-19T00:00:00,2017-01-22T00:00:00,TRUE,FALSE,FALSE,TRUE,Stroke,,Stadium Course,"La Quinta, CA",72,7113,La Quinta,CA,USA,America/Los Angeles,5800000,2017-01-19T00:00:00,92253
112,Sony Open in Hawaii,2017-01-12T00:00:00,2017-01-15T00:00:00,TRUE,FALSE,FALSE,TRUE,Stroke,,Waialae CC,"Honolulu, HI",70,7044,Honolulu,HI,USA,Pacific/Honolulu,6000000,2017-01-12T00:00:00,NA
160,SBS Tournament of Champions,2017-01-05T00:00:00,2017-01-08T00:00:00,TRUE,FALSE,FALSE,TRUE,Stroke,,Plantation Course at Kapalua,"Kapalua, Maui, HI",73,7452,"Kapalua, Maui",HI,USA,Pacific/Honolulu,6100000,2017-01-05T00:00:00,NA
203,Franklin Templeton Shootout,2016-12-08T00:00:00,2016-12-10T00:00:00,TRUE,FALSE,FALSE,TRUE,Stroke,,Tiburon GC,"Naples, FL",NA,NA,Naples,FL,USA,America/New York,3100000,NA,NA
110,Hero World Challenge,2016-12-01T00:00:00,2016-12-04T00:00:00,TRUE,FALSE,FALSE,TRUE,Stroke,,Albany,"New Providence, Bah",72,7302,New Providence,NA,BAH,America/Nassau,3500000,2016-12-01T00:00:00,NA
202,ISPS HANDA World Cup of Golf,2016-11-24T00:00:00,2016-11-27T00:00:00,TRUE,FALSE,FALSE,TRUE,Stroke,,Kingston Heath Golf Club,"Melbourne, Aus",NA,NA,Melbourne,NA,AUS,Australia/Hobart,8000000,NA,NA
109,The RSM Classic,2016-11-17T00:00:00,2016-11-20T00:00:00,TRUE,FALSE,FALSE,TRUE,Stroke,,Sea Island Resort (Seaside),"Sea Island, GA",72,7058,Sea Island,GA,USA,America/New York,6000000,2016-11-17T00:00:00,NA
108,OHL Classic at Mayakoba,2016-11-10T00:00:00,2016-11-13T00:00:00,TRUE,FALSE,FALSE,TRUE,Stroke,,El Camaleon GC,"Playa del Carmen, Mex",71,6987,Playa del Carmen,NA,Mex,America/Cancun,7000010,2016-11-10T00:00:00,NA
107,Shriners Hospitals for Children Open,2016-11-03T00:00:00,2016-11-06T00:00:00,TRUE,FALSE,FALSE,TRUE,Stroke,,TPC Summerlin,"Las Vegas, NV",71,7255,Las Vegas,NV,USA,America/Los Angeles,6600000,2016-11-03T00:00:00,NA
105,Sanderson Farms Championship,2016-10-27T00:00:00,2016-10-30T00:00:00,TRUE,FALSE,FALSE,TRUE,Stroke,,CC of Jackson,"Jackson, MS",72,7421,Jackson,MS,USA,America/Chicago,4200000,2016-10-27T00:00:00,NA
106,World Golf Championships-HSBC Champions,2016-10-27T00:00:00,2016-10-30T00:00:00,TRUE,FALSE,FALSE,TRUE,Stroke,,Sheshan International GC,"Shanghai, Chn",72,7261,Shanghai,NA,CHN,Asia/Shanghai,9500000,2016-10-26T00:00:00,NA
104,CIMB Classic,2016-10-20T00:00:00,2016-10-23T00:00:00,TRUE,FALSE,FALSE,TRUE,Stroke,,TPC Kuala Lumpur,"Kuala Lumpur, Mas",72,7005,Kuala Lumpur,NA,MAS,Asia/Kuala Lumpur,7000000,2016-10-20T00:00:00,NA
103,Safeway Open,2016-10-13T00:00:00,2016-10-16T00:00:00,TRUE,FALSE,FALSE,TRUE,Stroke,,Silverado Resort and Spa North,"Napa, CA",72,7203,Napa,CA,USA,America/Los Angeles,6000000,2016-10-13T00:00:00,NA
96,Ryder Cup,2016-09-30T00:00:00,2016-10-02T00:00:00,TRUE,FALSE,FALSE,TRUE,NA,,Hazeltine National Golf Club,"Chaska, MN",72,7674,NA,NA,NA,NA,NA,NA,NA
95,TOUR Championship,2016-09-22T00:00:00,2016-09-25T00:00:00,TRUE,FALSE,FALSE,TRUE,NA,,East Lake GC,"Atlanta, GA",70,7385,NA,NA,NA,NA,8500000,2016-09-22T00:00:00,NA
94,BMW Championship,2016-09-08T00:00:00,2016-09-11T00:00:00,TRUE,FALSE,FALSE,TRUE,NA,,Crooked Stick GC,"Carmel, IN",72,7567,NA,NA,NA,NA,8500000,2016-09-08T00:00:00,NA
93,Deutsche Bank Championship,2016-09-02T00:00:00,2016-09-05T00:00:00,TRUE,FALSE,FALSE,TRUE,NA,,TPC Boston,"Norton, MA",71,7297,NA,NA,NA,NA,8500000,2016-09-02T00:00:00,NA
92,The Barclays,2016-08-25T00:00:00,2016-08-28T00:00:00,TRUE,FALSE,FALSE,TRUE,NA,,Bethpage State Park (Black),"Farmingdale, NY",71,7468,NA,NA,NA,NA,8500000,2016-08-25T00:00:00,NA
91,Wyndham Championship,2016-08-18T00:00:00,2016-08-21T00:00:00,TRUE,FALSE,FALSE,TRUE,NA,,Sedgefield CC,"Greensboro, NC",70,7127,NA,NA,NA,NA,5600000,2016-08-18T00:00:00,NA
90,John Deere Classic,2016-08-11T00:00:00,2016-08-14T00:00:00,TRUE,FALSE,FALSE,TRUE,NA,,TPC Deere Run,"Silvis, IL",71,7268,NA,NA,NA,NA,4800000,2016-08-11T00:00:00,NA
89,Travelers Championship,2016-08-04T00:00:00,2016-08-07T00:00:00,TRUE,FALSE,FALSE,TRUE,NA,,TPC River Highlands,"Cromwell, CT",70,6841,NA,NA,NA,NA,6600000,2016-08-04T00:00:00,NA
88,PGA Championship,2016-07-28T00:00:00,2016-07-31T00:00:00,TRUE,FALSE,FALSE,TRUE,NA,,Baltusrol GC,"Springfield, NJ",70,7428,NA,NA,NA,NA,10000000,2016-07-28T00:00:00,NA
87,RBC Canadian Open,2016-07-21T00:00:00,2016-07-24T00:00:00,TRUE,FALSE,FALSE,TRUE,NA,,Glen Abbey GC,"Oakville,Ontario, Canada",72,7253,NA,NA,NA,NA,5900000,2016-07-21T00:00:00,NA
86,Barbasol Championship,2016-07-14T00:00:00,2016-07-17T00:00:00,TRUE,FALSE,FALSE,TRUE,NA,,RTJ Trail (Grand National),"Auburn, AL",71,7302,NA,NA,NA,NA,3500000,2016-07-14T08:20:00,NA
102,The Open,2016-07-14T00:00:00,2016-07-17T00:00:00,TRUE,FALSE,FALSE,TRUE,NA,,Royal Troon GC,"Ayrshire, Scotland",71,7190,NA,NA,NA,NA,9300000,2016-07-14T01:35:00,NA
85,The Greenbrier Classic - CANCELED,2016-07-07T00:00:00,2016-07-10T00:00:00,TRUE,FALSE,TRUE,FALSE,NA,,The Greenbrier,"White Sulphur Springs, WV",70,7287,NA,NA,NA,NA,6900000,NA,NA
101,World Golf Championships-Bridgestone Invitational,2016-06-30T00:00:00,2016-07-03T00:00:00,TRUE,FALSE,FALSE,TRUE,NA,,Firestone CC (South),"Akron, OH",70,7400,NA,NA,NA,NA,9500000,2016-06-30T10:00:00,NA
83,Quicken Loans National,2016-06-23T00:00:00,2016-06-26T00:00:00,TRUE,FALSE,FALSE,TRUE,NA,,Congressional CC (Blue),"Bethesda, MD",71,7569,NA,NA,NA,NA,6900000,2016-06-23T07:36:00,NA
82,U.S. Open,2016-06-16T00:00:00,2016-06-19T00:00:00,TRUE,FALSE,FALSE,TRUE,NA,,Oakmont CC,"Oakmont, PA",70,7274,NA,NA,NA,NA,10000000,2016-06-16T06:45:00,NA
81,FedEx St. Jude Classic,2016-06-09T00:00:00,2016-06-12T00:00:00,TRUE,FALSE,FALSE,TRUE,NA,,TPC Southwind,"Memphis, TN",70,7244,NA,NA,NA,NA,6200000,2016-06-09T08:00:00,NA
80,the Memorial Tournament presented by Nationwide,2016-06-02T00:00:00,2016-06-05T00:00:00,TRUE,FALSE,FALSE,TRUE,NA,,Muirfield Village GC,"Dublin, OH",72,7392,NA,NA,NA,NA,8500000,2016-06-02T07:20:00,NA
79,DEAN & DELUCA Invitational,2016-05-26T00:00:00,2016-05-29T00:00:00,TRUE,FALSE,FALSE,TRUE,NA,,Colonial CC,"Ft. Worth, TX",70,7209,NA,NA,NA,NA,6700000,2016-05-26T08:00:00,NA
78,AT&T Byron Nelson,2016-05-19T00:00:00,2016-05-22T00:00:00,TRUE,FALSE,FALSE,TRUE,NA,,TPC Four Seasons Resort,"Irving, TX",70,7166,NA,NA,NA,NA,7300000,2016-05-19T10:30:00,NA
77,THE PLAYERS Championship,2016-05-12T00:00:00,2016-05-15T00:00:00,TRUE,FALSE,FALSE,TRUE,NA,,TPC Sawgrass,"Ponte Vedra Beach, FL",72,7215,NA,NA,NA,NA,10500000,2016-05-12T07:15:00,NA
76,Wells Fargo Championship,2016-05-05T00:00:00,2016-05-08T00:00:00,TRUE,FALSE,FALSE,TRUE,NA,,Quail Hollow Club,"Charlotte, NC",72,7575,NA,NA,NA,NA,7300000,2016-05-05T07:00:00,NA
75,Zurich Classic of New Orleans,2016-04-28T00:00:00,2016-05-01T00:00:00,TRUE,FALSE,FALSE,TRUE,NA,,TPC Louisiana,"Avondale, LA",72,7425,NA,NA,NA,NA,7000000,NA,NA
74,Valero Texas Open,2016-04-21T00:00:00,2016-04-24T00:00:00,TRUE,FALSE,FALSE,TRUE,NA,,JW Marriott TPC San Antonio,"San Antonio, TX",72,7435,NA,NA,NA,NA,6200000,NA,NA
73,RBC Heritage,2016-04-14T00:00:00,2016-04-17T00:00:00,TRUE,FALSE,FALSE,TRUE,NA,,Harbour Town GL,"Hilton Head, SC",71,7101,NA,NA,NA,NA,5900000,NA,NA
72,Masters Tournament,2016-04-07T00:00:00,2016-04-10T00:00:00,TRUE,FALSE,FALSE,TRUE,NA,,Augusta National GC,"Augusta, GA",72,7435,NA,NA,NA,NA,10000000,NA,NA
71,Shell Houston Open,2016-03-31T00:00:00,2016-04-03T00:00:00,TRUE,FALSE,FALSE,TRUE,NA,,GC of Houston,"Humble, TX",72,7441,NA,NA,NA,NA,6800000,NA,NA
70,Puerto Rico Open at Coco Beach,2016-03-24T00:00:00,2016-03-27T00:00:00,TRUE,FALSE,FALSE,TRUE,NA,,Coco Beach Golf & CC,Rio Grande,72,7506,NA,NA,NA,NA,3000000,NA,NA
69,World Golf Championships-Dell Match Play,2016-03-23T00:00:00,2016-03-27T00:00:00,TRUE,FALSE,FALSE,TRUE,NA,,Austin Country Club,"Austin, TX",72,6625,NA,NA,NA,NA,9500000,NA,NA
68,Arnold Palmer Invitational presented by MasterCard,2016-03-17T00:00:00,2016-03-20T00:00:00,TRUE,FALSE,FALSE,TRUE,NA,,Bay Hill Club & Lodge,"Orlando, FL",72,7419,NA,NA,NA,NA,6300000,NA,NA
67,Valspar Championship,2016-03-10T00:00:00,2016-03-13T00:00:00,TRUE,FALSE,FALSE,TRUE,NA,,Innisbrook Resort (Copperhead),"Palm Harbor, FL",71,7340,NA,NA,NA,NA,6100000,NA,NA
66,World Golf Championships-Cadillac Championship,2016-03-03T00:00:00,2016-03-06T00:00:00,TRUE,FALSE,FALSE,TRUE,NA,,Trump National Doral,"Miami, FL",72,7543,NA,NA,NA,NA,9500000,NA,NA
65,The Honda Classic,2016-02-25T00:00:00,2016-02-28T00:00:00,TRUE,FALSE,FALSE,TRUE,NA,,PGA National (Champion),"Palm Beach Gardens, FL",70,7140,NA,NA,NA,NA,6100000,NA,NA
64,Northern Trust Open,2016-02-18T00:00:00,2016-02-21T00:00:00,TRUE,FALSE,FALSE,TRUE,NA,,Riviera CC,"Pacific Palisades, CA",71,7322,NA,NA,NA,NA,6800000,NA,NA
63,AT&T Pebble Beach Pro-Am,2016-02-11T00:00:00,2016-02-14T00:00:00,TRUE,FALSE,FALSE,TRUE,NA,,Spyglass Hill GC,"Pebble Beach, CA",72,6953,NA,NA,NA,NA,7000000,NA,NA
62,Waste Management Phoenix Open,2016-02-04T00:00:00,2016-02-07T00:00:00,TRUE,FALSE,FALSE,TRUE,NA,,TPC Scottsdale,"Scottsdale, AZ",71,7266,NA,NA,NA,NA,6500000,NA,NA
61,Farmers Insurance Open,2016-01-28T00:00:00,2016-02-01T00:00:00,TRUE,FALSE,FALSE,TRUE,NA,,Torrey Pines (North),"San Diego, CA",72,7052,NA,NA,NA,NA,6500000,NA,NA
60,CareerBuilder Challenge in partnership with the Clinton Foundation,2016-01-21T00:00:00,2016-01-24T00:00:00,TRUE,FALSE,FALSE,TRUE,NA,,La Quinta CC,"La Quinta, CA",72,7060,NA,NA,NA,NA,5800000,NA,NA
59,Sony Open in Hawaii,2016-01-14T00:00:00,2016-01-17T00:00:00,TRUE,FALSE,FALSE,TRUE,NA,,Waialae CC,"Honolulu, HI",70,7044,NA,NA,NA,NA,5800000,NA,NA
58,Hyundai Tournament of Champions,2016-01-07T00:00:00,2016-01-10T00:00:00,TRUE,FALSE,FALSE,TRUE,NA,,Plantation Course at Kapalua,"Kapalua, Maui, HI",73,7452,NA,NA,NA,NA,5900000,NA,NA
1,Hero World Challenge,2015-12-03T00:00:00,2015-12-06T00:00:00,TRUE,FALSE,FALSE,TRUE,NA,,Albany,NA,72,7267,NA,NA,NA,NA,3500000,NA,NA
6,The RSM Classic,2015-11-19T00:00:00,2015-11-22T00:00:00,TRUE,FALSE,FALSE,TRUE,NA,,Sea Island Resort (Seaside),"Sea Island, GA",70,7005,NA,NA,NA,NA,5700000,NA,NA
56,OHL Classic at Mayakoba,2015-11-12T00:00:00,2015-11-16T00:00:00,TRUE,FALSE,FALSE,TRUE,NA,,El Camaleon GC,"Riviera Maya, Mexico",71,6987,NA,NA,NA,NA,6200000,NA,NA
53,Sanderson Farms Championship,2015-11-05T00:00:00,2015-11-09T00:00:00,TRUE,FALSE,FALSE,TRUE,NA,,CC of Jackson,"Jackson, MS",72,7364,NA,NA,NA,NA,4100000,NA,NA
55,World Golf Championships-HSBC Champions,2015-11-05T00:00:00,2015-11-08T00:00:00,TRUE,FALSE,FALSE,TRUE,NA,,Sheshan International GC,"Shanghai, China",72,7261,NA,NA,NA,NA,8500000,NA,NA
5,CIMB Classic,2015-10-29T00:00:00,2015-11-01T00:00:00,TRUE,FALSE,FALSE,TRUE,NA,,Kuala Lumpur Golf and Country Club,"Kuala Lumpur, Malaysia",72,6985,NA,NA,NA,NA,7000000,NA,NA
54,Shriners Hospitals for Children Open,2015-10-22T00:00:00,2015-10-25T00:00:00,TRUE,FALSE,FALSE,TRUE,NA,,TPC Summerlin,"Las Vegas, NV",71,7255,NA,NA,NA,NA,6400000,NA,NA
57,Frys.com Open,2015-10-15T00:00:00,2015-10-18T00:00:00,TRUE,FALSE,FALSE,TRUE,NA,,Silverado CC (North),"Napa, CA",72,7203,NA,NA,NA,NA,6000000,NA,NA
38,TOUR Championship by Coca-Cola,2015-09-24T00:00:00,2015-09-27T00:00:00,TRUE,FALSE,FALSE,TRUE,NA,,East Lake GC,"Atlanta, GA",70,7307,NA,NA,NA,NA,8250000,NA,NA
29,BMW Championship,2015-09-17T00:00:00,2015-09-20T00:00:00,TRUE,FALSE,FALSE,TRUE,NA,,Conway Farms GC,"Lake Forest, IL",71,7198,NA,NA,NA,NA,8250000,NA,NA
44,Deutsche Bank Championship,2015-09-04T00:00:00,2015-09-07T00:00:00,TRUE,FALSE,FALSE,TRUE,NA,,TPC Boston,"Norton, MA",71,7242,NA,NA,NA,NA,8250000,NA,NA
25,The Barclays,2015-08-27T00:00:00,2015-08-30T00:00:00,TRUE,FALSE,FALSE,TRUE,NA,,Plainfield CC,"Edison, NJ",70,7012,NA,NA,NA,NA,8250000,NA,NA
20,Wyndham Championship,2015-08-20T00:00:00,2015-08-23T00:00:00,TRUE,FALSE,FALSE,TRUE,NA,,Sedgefield CC,"Greensboro, NC",70,7127,NA,NA,NA,NA,5400000,NA,NA
32,PGA Championship,2015-08-13T00:00:00,2015-08-16T00:00:00,TRUE,FALSE,FALSE,TRUE,NA,,Whistling Straits,"Kohler, WI",72,7507,NA,NA,NA,NA,10000000,NA,NA
33,World Golf Championships-Bridgestone Invitational,2015-08-06T00:00:00,2015-08-09T00:00:00,TRUE,FALSE,FALSE,TRUE,NA,,Firestone CC (South),"Akron, OH",70,7400,NA,NA,NA,NA,9250000,NA,NA
40,Barracuda Championship,2015-08-06T00:00:00,2015-08-09T00:00:00,TRUE,FALSE,FALSE,TRUE,NA,,Montreux G&CC,"Reno, NV",72,7472,NA,NA,NA,NA,3100000,NA,NA
47,Quicken Loans National,2015-07-30T00:00:00,2015-08-02T00:00:00,TRUE,FALSE,FALSE,TRUE,NA,,Robert Trent Jones GC,"Gainesville, VA",71,7385,NA,NA,NA,NA,6700000,NA,NA
34,RBC Canadian Open,2015-07-23T00:00:00,2015-07-26T00:00:00,TRUE,FALSE,FALSE,TRUE,NA,,Glen Abbey GC,"Oakville,Ontario, Canada",72,7253,NA,NA,NA,NA,5800000,NA,NA
30,The Open,2015-07-16T00:00:00,2015-07-20T00:00:00,TRUE,FALSE,FALSE,TRUE,NA,,St Andrews Links (Old Course),"Fife, Scotland",72,7297,NA,NA,NA,NA,9200000,NA,NA
35,John Deere Classic,2015-07-09T00:00:00,2015-07-12T00:00:00,TRUE,FALSE,FALSE,TRUE,NA,,TPC Deere Run,"Silvis, IL",71,7268,NA,NA,NA,NA,4700000,NA,NA
49,The Greenbrier Classic,2015-07-02T00:00:00,2015-07-05T00:00:00,TRUE,FALSE,FALSE,TRUE,NA,,The Old White TPC,"White Sulphur Springs, WV",70,7287,NA,NA,NA,NA,6700000,NA,NA
28,Travelers Championship,2015-06-25T00:00:00,2015-06-28T00:00:00,TRUE,FALSE,FALSE,TRUE,NA,,TPC River Highlands,"Cromwell, CT",70,6841,NA,NA,NA,NA,6400000,NA,NA
26,U.S. Open,2015-06-18T00:00:00,2015-06-21T00:00:00,TRUE,FALSE,FALSE,TRUE,NA,,Chambers Bay GC,"University Place, WA",70,7710,NA,NA,NA,NA,10000000,NA,NA
27,FedEx St. Jude Classic,2015-06-11T00:00:00,2015-06-14T00:00:00,TRUE,FALSE,FALSE,TRUE,NA,,TPC Southwind,"Memphis, TN",70,7239,NA,NA,NA,NA,6000000,NA,NA
24,the Memorial Tournament presented by Nationwide,2015-06-04T00:00:00,2015-06-07T00:00:00,TRUE,FALSE,FALSE,TRUE,NA,,Muirfield Village GC,"Dublin, OH",72,7392,NA,NA,NA,NA,6200000,NA,NA
22,AT&T Byron Nelson,2015-05-28T00:00:00,2015-05-31T00:00:00,TRUE,FALSE,FALSE,TRUE,NA,,TPC Four Seasons Resort,"Irving, TX",70,7166,NA,NA,NA,NA,7100000,NA,NA
23,Crowne Plaza Invitational at  Colonial,2015-05-21T00:00:00,2015-05-24T00:00:00,TRUE,FALSE,FALSE,TRUE,NA,,Colonial CC,"Ft. Worth, TX",70,7204,NA,NA,NA,NA,6500000,NA,NA
43,Wells Fargo Championship,2015-05-14T00:00:00,2015-05-17T00:00:00,TRUE,FALSE,FALSE,TRUE,NA,,Quail Hollow Club,"Charlotte, NC",72,7562,NA,NA,NA,NA,7100000,NA,NA
17,THE PLAYERS Championship,2015-05-07T00:00:00,2015-05-10T00:00:00,TRUE,FALSE,FALSE,TRUE,NA,,TPC Sawgrass,"Ponte Vedra Beach, FL",70,6847,NA,NA,NA,NA,10000000,NA,NA
16,Zurich Classic of New Orleans,2015-04-23T00:00:00,2015-04-26T00:00:00,TRUE,FALSE,FALSE,TRUE,NA,,TPC Louisiana,"Avondale, LA",72,7425,NA,NA,NA,NA,6900000,NA,NA
19,RBC Heritage,2015-04-16T00:00:00,2015-04-19T00:00:00,TRUE,FALSE,FALSE,TRUE,NA,,Harbour Town GL,"Hilton Head, SC",71,7101,NA,NA,NA,NA,5900000,NA,NA
18,Masters Tournament,2015-04-09T00:00:00,2015-04-12T00:00:00,TRUE,FALSE,FALSE,TRUE,NA,,Augusta National GC,"Augusta, GA",72,7435,NA,NA,NA,NA,10000000,NA,NA
21,Shell Houston Open,2015-04-02T00:00:00,2015-04-05T00:00:00,TRUE,FALSE,FALSE,TRUE,NA,,GC of Houston,"Humble, TX",72,7441,NA,NA,NA,NA,6600000,NA,NA
37,Valero Texas Open,2015-03-26T00:00:00,2015-03-29T00:00:00,TRUE,FALSE,FALSE,TRUE,NA,,JW Marriott TPC San Antonio,"San Antonio, TX",72,6923,NA,NA,NA,NA,6200000,NA,NA
15,Arnold Palmer Invitational presented by MasterCard,2015-03-19T00:00:00,2015-03-22T00:00:00,TRUE,FALSE,FALSE,TRUE,NA,,Bay Hill Club & Lodge,"Orlando, FL",72,7419,NA,NA,NA,NA,6300000,NA,NA
39,Valspar Championship,2015-03-12T00:00:00,2015-03-15T00:00:00,TRUE,FALSE,FALSE,TRUE,NA,,Innisbrook Resort (Copperhead),"Palm Harbor, FL",71,7340,NA,NA,NA,NA,5900000,NA,NA
41,World Golf Championships-Cadillac Championship,2015-03-05T00:00:00,2015-03-08T00:00:00,TRUE,FALSE,FALSE,TRUE,NA,,Trump National Doral,"Miami, FL",72,7528,NA,NA,NA,NA,9250000,NA,NA
48,Puerto Rico Open,2015-03-05T00:00:00,2015-03-08T00:00:00,TRUE,FALSE,FALSE,TRUE,NA,,Coco Beach Golf & CC,Rio Grande,72,7528,NA,NA,NA,NA,3000000,NA,NA
14,The Honda Classic,2015-02-26T00:00:00,2015-03-02T00:00:00,TRUE,FALSE,FALSE,TRUE,NA,,PGA National (Champion),"Palm Beach Gardens, FL",70,7140,NA,NA,NA,NA,6100000,NA,NA
13,Northern Trust Open,2015-02-19T00:00:00,2015-02-22T00:00:00,TRUE,FALSE,FALSE,TRUE,NA,,Riviera CC,"Pacific Palisades, CA",71,7349,NA,NA,NA,NA,6700000,NA,NA
10,AT&T Pebble Beach National Pro-Am,2015-02-12T00:00:00,2015-02-15T00:00:00,TRUE,FALSE,FALSE,TRUE,NA,,Spyglass Hill GC,"Pebble Beach, CA",72,6953,NA,NA,NA,NA,6800000,NA,NA
11,Farmers Insurance Open,2015-02-05T00:00:00,2015-02-08T00:00:00,TRUE,FALSE,FALSE,TRUE,NA,,Torrey Pines (North),"San Diego, CA",72,7052,NA,NA,NA,NA,6300000,NA,NA
9,Waste Management Phoenix Open,2015-01-29T00:00:00,2015-02-01T00:00:00,TRUE,FALSE,FALSE,TRUE,NA,,TPC Scottsdale,"Scottsdale, AZ",71,7266,NA,NA,NA,NA,6300000,NA,NA
8,Humana Challenge in partnership with the Clinton Foundation,2015-01-22T00:00:00,2015-01-25T00:00:00,TRUE,FALSE,FALSE,TRUE,NA,,PGA West (Palmer),"La Quinta, CA",72,6950,NA,NA,NA,NA,5700000,NA,NA
12,Sony Open in Hawaii,2015-01-15T00:00:00,2015-01-18T00:00:00,TRUE,FALSE,FALSE,TRUE,NA,,Waialae CC,"Honolulu, HI",70,7044,NA,NA,NA,NA,5600000,NA,NA
7,Hyundai Tournament of Champions,2015-01-09T00:00:00,2015-01-12T00:00:00,TRUE,FALSE,FALSE,TRUE,NA,,Plantation Course at Kapalua,"Kapalua, Maui, HI",73,7452,NA,NA,NA,NA,5700000,NA,NA
52,Hero World Challenge,2014-12-04T00:00:00,2014-12-07T00:00:00,TRUE,FALSE,FALSE,TRUE,NA,,Isleworth G&CC,NA,72,7267,NA,NA,NA,NA,3500000,NA,NA
45,OHL Classic at Mayakoba,2014-11-13T00:00:00,2014-11-16T00:00:00,TRUE,FALSE,FALSE,TRUE,NA,,El Camaleon GC,"Riviera Maya, Mexico",71,6987,NA,NA,NA,NA,6100000,NA,NA
31,Sanderson Farms Championship,2014-11-06T00:00:00,2014-11-09T00:00:00,TRUE,FALSE,FALSE,TRUE,NA,,CC of Jackson,"Jackson, MS",72,7364,NA,NA,NA,NA,4000000,NA,NA
42,World Golf Championships-HSBC Champions,2014-11-06T00:00:00,2014-11-09T00:00:00,TRUE,FALSE,FALSE,TRUE,NA,,Sheshan International GC,"Shanghai, China",72,7261,NA,NA,NA,NA,8500000,NA,NA
50,CIMB Classic,2014-10-30T00:00:00,2014-11-02T00:00:00,TRUE,FALSE,FALSE,TRUE,NA,,Kuala Lumpur G&CC,"Kuala Lumpur, Malaysia",72,6985,NA,NA,NA,NA,7000000,NA,NA
51,The McGladrey Classic,2014-10-23T00:00:00,2014-10-26T00:00:00,TRUE,FALSE,FALSE,TRUE,NA,,Sea Island Resort (Seaside),"Sea Island, GA",70,7005,NA,NA,NA,NA,5600000,NA,NA
36,Shriners Hospitals for Children Open,2014-10-16T00:00:00,2014-10-19T00:00:00,TRUE,FALSE,FALSE,TRUE,NA,,TPC Summerlin,"Las Vegas, NV",71,7255,NA,NA,NA,NA,6200000,NA,NA
46,Frys.com Open,2014-10-09T00:00:00,2014-10-12T00:00:00,TRUE,FALSE,FALSE,TRUE,NA,,Silverado CC (North),"Napa, CA",72,7203,NA,NA,NA,NA,6000000,NA,NA
